t,requested_mps
781.65,0.0
781.716666666,0.0
781.716666666,0.0
781.733333333,0.0
781.733333333,0.0
781.733333333,0.0
781.733333333,0.0
781.75,0.0
781.75,0.0
781.766666666,0.0
781.783333333,0.0
781.783333333,0.0
781.8,0.0
781.8,0.0
781.816666666,0.0
781.833333333,0.0
781.85,0.0
781.85,0.0
781.866666666,0.0
781.883333333,0.0
781.883333333,0.0
781.9,0.0
781.9,0.0
781.916666666,0.0
781.933333333,0.0
781.933333333,0.0
781.95,0.0
781.966666666,0.0
781.983333333,0.0
781.983333333,0.0
782.0,0.0
782.0,0.0
782.016666666,0.0
782.033333333,0.0
782.05,0.0
782.05,0.0
782.066666666,0.0
782.066666666,0.0
782.083333333,0.0
782.1,0.0
782.1,0.0
782.116666666,0.0
782.133333333,0.0
782.15,0.0
782.15,0.0
782.166666666,0.0
782.166666666,0.0
782.183333333,0.0
782.2,0.0
782.2,0.0
782.216666666,0.0
782.233333333,0.0
782.25,0.0
782.25,0.0
782.266666666,0.0
782.283333333,0.0
782.283333333,0.0
782.3,0.0
782.3,0.0
782.316666666,0.0
782.333333333,0.0
782.35,0.0
782.35,0.0
782.366666666,0.0
782.383333333,0.0
782.383333333,0.0
782.4,0.0
782.4,0.0
782.416666666,0.0
782.433333333,0.0
782.433333333,0.0
782.45,0.0
782.466666666,0.0
782.483333333,0.0
782.483333333,0.0
782.5,0.0
782.516666666,0.0
782.533333333,0.0
782.533333333,0.0
782.55,0.0
782.55,0.0
782.566666666,0.0
782.583333333,0.0
782.583333333,0.0
782.6,0.0
782.616666666,0.0
782.616666666,0.0
782.633333333,0.0
782.65,0.0
782.65,0.05
782.666666666,0.05
782.666666666,0.05
782.683333333,0.05
782.7,0.05
782.7,0.05
782.716666666,0.05
782.716666666,0.05
782.733333333,0.05
782.75,0.05
782.766666666,0.05
782.766666666,0.05
782.783333333,0.05
782.8,0.05
782.8,0.05
782.816666666,0.05
782.833333333,0.05
782.833333333,0.05
782.85,0.05
782.866666666,0.05
782.866666666,0.05
782.883333333,0.05
782.9,0.05
782.9,0.05
782.916666666,0.05
782.933333333,0.05
782.933333333,0.05
782.95,0.05
782.966666666,0.05
782.983333333,0.05
782.983333333,0.05
783.0,0.05
783.0,0.05
783.016666666,0.05
783.033333333,0.05
783.05,0.05
783.05,0.05
783.066666666,0.05
783.083333333,0.05
783.083333333,0.05
783.1,0.05
783.116666666,0.05
783.116666666,0.05
783.133333333,0.05
783.15,0.05
783.15,0.05
783.166666666,0.05
783.183333333,0.05
783.2,0.05
783.2,0.05
783.216666666,0.05
783.233333333,0.05
783.25,0.05
783.25,0.05
783.266666666,0.05
783.283333333,0.05
783.283333333,0.05
783.3,0.05
783.316666666,0.05
783.333333333,0.05
783.35,0.05
783.35,0.05
783.366666666,0.05
783.383333333,0.05
783.383333333,0.05
783.4,0.05
783.4,0.05
783.416666666,0.05
783.433333333,0.05
783.45,0.05
783.466666666,0.05
783.466666666,0.05
783.483333333,0.05
783.5,0.05
783.5,0.05
783.516666666,0.05
783.516666666,0.05
783.533333333,0.05
783.55,0.05
783.566666666,0.05
783.566666666,0.05
783.583333333,0.05
783.6,0.05
783.6,0.05
783.616666666,0.05
783.633333333,0.05
783.633333333,0.05
783.65,0.0
783.65,0.0
783.666666666,0.0
783.666666666,0.0
783.683333333,0.0
783.7,0.0
783.7,0.0
783.716666666,0.0
783.716666666,0.0
783.733333333,0.0
783.75,0.0
783.766666666,0.0
783.766666666,0.0
783.783333333,0.0
783.8,0.0
783.8,0.0
783.816666666,0.0
783.833333333,0.0
783.833333333,0.0
783.85,0.0
783.85,0.0
783.85,0.0
783.85,0.0
783.866666666,0.0
783.883333333,0.0
783.883333333,0.0
783.9,0.0
783.916666666,0.0
783.916666666,0.0
783.933333333,0.0
783.95,0.0
783.95,0.0
783.966666666,0.0
783.983333333,0.0
783.983333333,0.0
784.0,0.0
784.0,0.0
784.016666666,0.0
784.033333333,0.0
784.05,0.0
784.05,0.0
784.066666666,0.0
784.083333333,0.0
784.1,0.0
784.1,0.0
784.116666666,0.0
784.133333333,0.0
784.133333333,0.0
784.15,0.0
784.166666666,0.0
784.166666666,0.0
784.183333333,0.0
784.2,0.0
784.2,0.0
784.216666666,0.0
784.233333333,0.0
784.233333333,0.0
784.25,0.0
784.25,0.0
784.266666666,0.0
784.266666666,0.0
784.283333333,0.0
784.3,0.0
784.316666666,0.0
784.316666666,0.0
784.333333333,0.0
784.35,0.0
784.35,0.0
784.366666666,0.0
784.383333333,0.0
784.383333333,0.0
784.4,0.0
784.416666666,0.0
784.433333333,0.0
784.433333333,0.0
784.45,0.0
784.466666666,0.0
784.466666666,0.0
784.483333333,0.0
784.5,0.0
784.5,0.0
784.516666666,0.0
784.516666666,0.0
784.533333333,0.0
784.55,0.0
784.55,0.0
784.566666666,0.0
784.583333333,0.0
784.6,0.0
784.6,0.0
784.616666666,0.0
784.633333333,0.0
784.633333333,0.0
784.65,0.0
784.666666666,0.0
784.666666666,0.0
784.683333333,0.0
784.7,0.0
784.7,0.0
784.716666666,0.0
784.733333333,0.0
784.733333333,0.0
784.75,0.0
784.766666666,0.0
784.766666666,0.0
784.783333333,0.0
784.8,0.0
784.8,0.0
784.816666666,0.0
784.816666666,0.0
784.833333333,0.0
784.85,0.0
784.866666666,0.0
784.866666666,0.0
784.883333333,0.0
784.9,0.0
784.9,0.0
784.916666666,0.0
784.933333333,0.0
784.933333333,0.0
784.95,0.0
784.966666666,0.0
784.983333333,0.0
784.983333333,0.0
785.0,0.0
785.016666666,0.0
785.016666666,0.0
785.033333333,0.0
785.05,0.0
785.05,0.0
785.066666666,0.0
785.083333333,0.0
785.083333333,0.0
785.1,0.0
785.116666666,0.0
785.133333333,0.0
785.133333333,0.0
785.15,0.0
785.166666666,0.0
785.166666666,0.0
785.183333333,0.0
785.2,0.0
785.2,0.0
785.216666666,0.0
785.233333333,0.0
785.233333333,0.0
785.25,0.0
785.266666666,0.0
785.266666666,0.0
785.283333333,0.0
785.3,0.0
785.3,0.0
785.316666666,0.0
785.333333333,0.0
785.333333333,0.0
785.35,0.0
785.366666666,0.0
785.366666666,0.0
785.383333333,0.0
785.4,0.0
785.4,0.0
785.416666666,0.0
785.433333333,0.0
785.433333333,0.0
785.45,0.0
785.466666666,0.0
785.466666666,0.0
785.483333333,0.0
785.5,0.0
785.5,0.0
785.516666666,0.0
785.516666666,0.0
785.533333333,0.0
785.55,0.0
785.566666666,0.0
785.566666666,0.0
785.583333333,0.0
785.6,0.0
785.6,0.0
785.616666666,0.0
785.633333333,0.0
785.633333333,0.0
785.65,0.0
785.65,0.0
785.65,0.0
785.65,0.0
785.666666666,0.0
785.666666666,0.0
785.666666666,0.0
785.666666666,0.0
785.683333333,0.0
785.683333333,0.0
785.683333333,0.0
785.7,0.0
785.7,0.0
785.716666666,0.0
785.716666666,0.0
785.716666666,0.0
785.716666666,0.0
785.733333333,0.0
785.733333333,0.0
785.733333333,0.0
785.733333333,0.0
785.75,0.0
785.75,0.0
785.75,0.0
785.766666666,0.0
785.766666666,0.0
785.766666666,0.0
785.766666666,0.0
785.783333333,0.0
785.783333333,0.0
785.783333333,0.0
785.8,0.0
785.8,0.0
785.816666666,0.0
785.816666666,0.0
785.816666666,0.0
785.816666666,0.0
785.833333333,0.0
785.833333333,0.0
785.833333333,0.0
785.833333333,0.0
785.85,0.0
785.85,0.0
785.85,0.0
785.866666666,0.0
785.866666666,0.0
785.866666666,0.0
785.866666666,0.0
785.883333333,0.0
785.883333333,0.0
785.883333333,0.0
785.9,0.0
785.9,0.0
