t,x,y,z,left_q,left_v,left_target,right_q,right_v,right_target
778.3,4.450307369232178,1.0537326335906982,-0.004396550357341766,-0.28957509994506836,0.27253738045692444,0.0,-1.8884273767471313,0.4949728548526764,0.0
778.3166666666667,4.450307369232178,1.05373215675354,-0.004381678998470306,-0.28946930170059204,0.06589138507843018,0.0,-1.8884761333465576,0.4397731423377991,0.0
778.3333333333334,4.450311183929443,1.0537320375442505,-0.004396393895149231,-0.2897091805934906,0.27835601568222046,0.0,-1.8885228633880615,0.46819716691970825,0.0
778.35,4.450311660766602,1.053731918334961,-0.004381820559501648,-0.2896025776863098,0.07825656235218048,0.0,-1.8885715007781982,0.47263267636299133,0.0
778.3666666666667,4.450314998626709,1.0537320375442505,-0.004396431148052216,-0.28980255126953125,0.27756381034851074,0.0,-1.88861882686615,0.4616101086139679,0.0
778.3833333333333,4.450315475463867,1.0537316799163818,-0.004381805658340454,-0.2896999418735504,0.07178808003664017,0.0,-1.8886674642562866,0.43359458446502686,0.0
778.4,4.450318813323975,1.053731918334961,-0.004396349191665649,-0.28990378975868225,0.28534215688705444,0.0,-1.8887147903442383,0.44532808661460876,0.0
778.4166666666666,4.450318813323975,1.0537316799163818,-0.004381902515888214,-0.2898120880126953,0.07653792202472687,0.0,-1.8887630701065063,0.4175529479980469,0.0
778.4333333333333,4.450321674346924,1.0537315607070923,-0.004396259784698486,-0.2899853587150574,0.2894982397556305,0.0,-1.8888107538223267,0.4453921318054199,0.0
778.45,4.450321674346924,1.0537313222885132,-0.004381909966468811,-0.28988945484161377,0.08192799240350723,0.0,-1.8888591527938843,0.43961119651794434,0.0
778.4666666666667,4.450324535369873,1.0537313222885132,-0.0043962374329566956,-0.29005181789398193,0.28558051586151123,0.0,-1.8889069557189941,0.4635777473449707,0.0
778.4833333333333,4.450324535369873,1.0537312030792236,-0.004381850361824036,-0.289966344833374,0.07758926600217819,0.0,-1.8889554738998413,0.4441767632961273,0.0
778.5,4.450327396392822,1.0537313222885132,-0.004396334290504456,-0.2901482880115509,0.2854842245578766,0.0,-1.889003038406372,0.4567590057849884,0.0
778.5166666666667,4.4503278732299805,1.0537309646606445,-0.00438188761472702,-0.2900445759296417,0.076802097260952,0.0,-1.8890516757965088,0.4387434720993042,0.0
778.5333333333333,4.45033073425293,1.053731083869934,-0.004396349191665649,-0.2902328372001648,0.28253284096717834,0.0,-1.88909912109375,0.46589094400405884,0.0
778.55,4.450331211090088,1.053730845451355,-0.004381835460662842,-0.29011818766593933,0.07324368506669998,0.0,-1.8891481161117554,0.44368812441825867,0.0
778.5666666666667,4.450333595275879,1.053730845451355,-0.004396408796310425,-0.29032760858535767,0.27873754501342773,0.0,-1.889195442199707,0.4620231091976166,0.0
778.5833333333334,4.450334548950195,1.0537306070327759,-0.0043816938996315,-0.29020655155181885,0.07759060710668564,0.0,-1.8892443180084229,0.48425137996673584,0.0
778.6,4.4503374099731445,1.0537307262420654,-0.004396423697471619,-0.2904168665409088,0.27552518248558044,0.0,-1.889291524887085,0.45707061886787415,0.0
778.6166666666667,4.450337886810303,1.0537303686141968,-0.004381775856018066,-0.29031163454055786,0.06973026692867279,0.0,-1.8893401622772217,0.4388592541217804,0.0
778.6333333333333,4.450342178344727,1.0537304878234863,-0.004396289587020874,-0.29053324460983276,0.28373798727989197,0.0,-1.8893871307373047,0.459705114364624,0.0
778.65,4.450342178344727,1.0537301301956177,-0.004381902515888214,-0.29044201970100403,0.07866963744163513,0.0,-1.8894355297088623,0.4292706549167633,0.0
778.6666666666666,4.450344085693359,1.0537303686141968,-0.004396304488182068,-0.2906155586242676,0.28593775629997253,0.0,-1.889483094215393,0.44892793893814087,0.0
778.6833333333333,4.450344562530518,1.0537298917770386,-0.004381835460662842,-0.29050201177597046,0.07830709218978882,0.0,-1.8895320892333984,0.4628779888153076,0.0
778.7,4.450347900390625,1.0537298917770386,-0.004396408796310425,-0.29069721698760986,0.2793438136577606,0.0,-1.88957941532135,0.4537712633609772,0.0
778.7166666666667,4.450348854064941,1.0537296533584595,-0.004381805658340454,-0.29060861468315125,0.07524873316287994,0.0,-1.8896279335021973,0.4484291672706604,0.0
778.7333333333333,4.450351715087891,1.0537298917770386,-0.0043964385986328125,-0.29080650210380554,0.28471672534942627,0.0,-1.8896753787994385,0.4501534402370453,0.0
778.75,4.450352191925049,1.0537294149398804,-0.004381857812404633,-0.29070156812667847,0.0761956125497818,0.0,-1.8897240161895752,0.4446887671947479,0.0
778.7666666666667,4.45035457611084,1.053729772567749,-0.004396431148052216,-0.29088717699050903,0.2850485146045685,0.0,-1.889771580696106,0.42994651198387146,0.0
778.7833333333333,4.450355052947998,1.0537294149398804,-0.004381842911243439,-0.29078730940818787,0.0817885771393776,0.0,-1.8898200988769531,0.4547085165977478,0.0
778.8,4.4503583908081055,1.05372953414917,-0.004396378993988037,-0.2909575402736664,0.28406187891960144,0.0,-1.8898676633834839,0.4535493552684784,0.0
778.8166666666667,4.450358867645264,1.0537291765213013,-0.004381850361824036,-0.29086750745773315,0.07660942524671555,0.0,-1.889915943145752,0.43070468306541443,0.0
778.8333333333334,4.450361728668213,1.0537292957305908,-0.004396289587020874,-0.291046142578125,0.2887122929096222,0.0,-1.8899633884429932,0.4115602970123291,0.0
778.85,4.450361728668213,1.0537290573120117,-0.004381939768791199,-0.2909527122974396,0.07909706979990005,0.0,-1.8900115489959717,0.42217305302619934,0.0
778.8666666666667,4.450364112854004,1.0537292957305908,-0.004396259784698486,-0.2911272346973419,0.2885190546512604,0.0,-1.890059232711792,0.43713486194610596,0.0
778.8833333333333,4.450364589691162,1.0537285804748535,-0.004381880164146423,-0.29102498292922974,0.079264797270298,0.0,-1.8901077508926392,0.4406273365020752,0.0
778.9,4.450366497039795,1.0537289381027222,-0.004396356642246246,-0.2912047207355499,0.28412893414497375,0.0,-1.89015531539917,0.4434615969657898,0.0
778.9166666666666,4.450367450714111,1.053728461265564,-0.004381753504276276,-0.29109060764312744,0.07750925421714783,0.0,-1.8902043104171753,0.47052302956581116,0.0
778.9333333333333,4.450369834899902,1.0537289381027222,-0.004396408796310425,-0.2913024425506592,0.2767616808414459,0.0,-1.8902515172958374,0.4694833755493164,0.0
778.95,4.450370788574219,1.0537283420562744,-0.0043816938996315,-0.29117295145988464,0.06939724087715149,0.0,-1.8903003931045532,0.46287837624549866,0.0
778.9666666666667,4.450374603271484,1.0537285804748535,-0.004396475851535797,-0.29141414165496826,0.2763124108314514,0.0,-1.8903472423553467,0.44774729013442993,0.0
778.9833333333333,4.450374603271484,1.0537283420562744,-0.004381820559501648,-0.29132112860679626,0.07369362562894821,0.0,-1.8903957605361938,0.44349735975265503,0.0
779.0,4.45037841796875,1.053728461265564,-0.004396297037601471,-0.291522353887558,0.283825159072876,0.0,-1.890443205833435,0.45373719930648804,0.0
779.0166666666667,4.450378894805908,1.0537281036376953,-0.00438198447227478,-0.29143086075782776,0.0760016068816185,0.0,-1.8904916048049927,0.4177226722240448,0.0
779.0333333333333,4.450381755828857,1.0537283420562744,-0.004396282136440277,-0.29161491990089417,0.2869237959384918,0.0,-1.8905390501022339,0.434097021818161,0.0
779.05,4.450381755828857,1.0537278652191162,-0.004381977021694183,-0.29150503873825073,0.07456432282924652,0.0,-1.890587568283081,0.4115638732910156,0.0
779.0666666666667,4.450385093688965,1.0537279844284058,-0.004396259784698486,-0.29169297218322754,0.2883283495903015,0.0,-1.8906350135803223,0.4374496042728424,0.0
779.0833333333334,4.450385093688965,1.0537277460098267,-0.004381924867630005,-0.2915918827056885,0.07791905850172043,0.0,-1.8906835317611694,0.42308899760246277,0.0
779.1,4.450387001037598,1.0537278652191162,-0.004396401345729828,-0.29177066683769226,0.284457266330719,0.0,-1.8907309770584106,0.44600749015808105,0.0
779.1166666666667,4.450387954711914,1.0537275075912476,-0.004381775856018066,-0.2916496694087982,0.07221712172031403,0.0,-1.8907798528671265,0.44316503405570984,0.0
779.1333333333333,4.4503912925720215,1.0537277460098267,-0.004396393895149231,-0.29186615347862244,0.28075069189071655,0.0,-1.8908271789550781,0.43481627106666565,0.0
779.15,4.45039176940918,1.053727149963379,-0.004381954669952393,-0.2917648255825043,0.07158542424440384,0.0,-1.8908755779266357,0.4125056564807892,0.0
779.1666666666666,4.450395107269287,1.0537272691726685,-0.004396229982376099,-0.2919670641422272,0.28855565190315247,0.0,-1.890923023223877,0.4376521706581116,0.0
779.1833333333333,4.450395107269287,1.0537272691726685,-0.004382029175758362,-0.29187747836112976,0.0778503268957138,0.0,-1.890971302986145,0.40051621198654175,0.0
779.2,4.450397968292236,1.053727149963379,-0.004396229982376099,-0.29204046726226807,0.2897883653640747,0.0,-1.8910189867019653,0.4302862286567688,0.0
779.2166666666667,4.450397491455078,1.0537269115447998,-0.00438198447227478,-0.2919464707374573,0.07627348601818085,0.0,-1.8910672664642334,0.401948481798172,0.0
779.2333333333333,4.4504008293151855,1.0537269115447998,-0.004396259784698486,-0.29212597012519836,0.28645503520965576,0.0,-1.8911147117614746,0.48051613569259644,0.0
779.25,4.4504008293151855,1.0537269115447998,-0.004381895065307617,-0.2920319437980652,0.0792783871293068,0.0,-1.8911634683609009,0.4581511318683624,0.0
779.2666666666667,4.450403690338135,1.0537267923355103,-0.004396408796310425,-0.2922217547893524,0.2777549624443054,0.0,-1.891210913658142,0.46816128492355347,0.0
779.2833333333333,4.450403690338135,1.0537266731262207,-0.004381686449050903,-0.29211899638175964,0.07428491860628128,0.0,-1.8912595510482788,0.46821969747543335,0.0
779.3,4.4504075050354,1.0537266731262207,-0.004396490752696991,-0.2923399806022644,0.27305129170417786,0.0,-1.8913064002990723,0.5029513239860535,0.0
779.3166666666667,4.450408458709717,1.053726315498352,-0.004381731152534485,-0.29223230481147766,0.06993135064840317,0.0,-1.8913551568984985,0.46238452196121216,0.0
779.3333333333334,4.450412273406982,1.0537264347076416,-0.004396475851535797,-0.2924642860889435,0.277249813079834,0.0,-1.8914021253585815,0.4417582154273987,0.0
779.35,4.450412273406982,1.0537259578704834,-0.004381835460662842,-0.29235920310020447,0.07299238443374634,0.0,-1.8914507627487183,0.43797022104263306,0.0
779.3666666666667,4.450415134429932,1.0537261962890625,-0.004396319389343262,-0.29256922006607056,0.28339648246765137,0.0,-1.89149808883667,0.46115779876708984,0.0
779.3833333333333,4.45041561126709,1.0537258386611938,-0.004381857812404633,-0.2924646735191345,0.07838841527700424,0.0,-1.8915468454360962,0.45654067397117615,0.0
779.4,4.450419902801514,1.053726077079773,-0.004396386444568634,-0.2926647365093231,0.27692466974258423,0.0,-1.8915941715240479,0.4713633954524994,0.0
779.4166666666666,4.450420379638672,1.0537256002426147,-0.004381895065307617,-0.2925891876220703,0.06700360029935837,0.0,-1.8916423320770264,0.3920150101184845,0.0
779.4333333333333,4.450423240661621,1.0537257194519043,-0.004396267235279083,-0.29278674721717834,0.29009395837783813,0.0,-1.8916898965835571,0.4002632796764374,0.0
779.45,4.4504241943359375,1.0537253618240356,-0.004382133483886719,-0.2926938235759735,0.08122114092111588,0.0,-1.8917382955551147,0.3952791690826416,0.0
779.4666666666667,4.450425624847412,1.0537257194519043,-0.004396222531795502,-0.2928411364555359,0.29431968927383423,0.0,-1.8917864561080933,0.4035663902759552,0.0
779.4833333333333,4.4504265785217285,1.0537251234054565,-0.004381991922855377,-0.2927296459674835,0.07914590835571289,0.0,-1.8918348550796509,0.41612884402275085,0.0
779.5,4.450428009033203,1.0537253618240356,-0.00439627468585968,-0.2929028570652008,0.2911049425601959,0.0,-1.8918825387954712,0.41623589396476746,0.0
779.5166666666667,4.4504289627075195,1.053725004196167,-0.004381850361824036,-0.29278764128685,0.08009637147188187,0.0,-1.8919312953948975,0.4486355781555176,0.0
779.5333333333333,4.450431823730469,1.053725242614746,-0.004396431148052216,-0.2929762005805969,0.2813621163368225,0.0,-1.8919787406921387,0.43499642610549927,0.0
779.55,4.450431823730469,1.053725004196167,-0.004381805658340454,-0.29287537932395935,0.06753721833229065,0.0,-1.8920273780822754,0.4033503830432892,0.0
779.5666666666667,4.450434684753418,1.053725004196167,-0.004396267235279083,-0.29308435320854187,0.28765979409217834,0.0,-1.8920749425888062,0.4404522478580475,0.0
779.5833333333334,4.450435161590576,1.0537246465682983,-0.00438198447227478,-0.2929774224758148,0.07957456260919571,0.0,-1.8921236991882324,0.4410944879055023,0.0
779.6,4.450438022613525,1.053724765777588,-0.0043964385986328125,-0.29316213726997375,0.27945902943611145,0.0,-1.8921711444854736,0.4574310779571533,0.0
779.6166666666667,4.450438499450684,1.0537244081497192,-0.004381738603115082,-0.29307112097740173,0.07365339994430542,0.0,-1.8922196626663208,0.44582077860832214,0.0
779.6333333333333,4.450442790985107,1.053724765777588,-0.004396349191665649,-0.29328301548957825,0.2816644608974457,0.0,-1.892266869544983,0.4603443741798401,0.0
779.65,4.450443267822266,1.0537240505218506,-0.004381939768791199,-0.29319486021995544,0.0729268416762352,0.0,-1.892315149307251,0.4121491611003876,0.0
779.6666666666666,4.450445652008057,1.0537245273590088,-0.0043962448835372925,-0.2933841943740845,0.28925612568855286,0.0,-1.8923625946044922,0.39862293004989624,0.0
779.6833333333333,4.450446605682373,1.053723931312561,-0.004382029175758362,-0.29327821731567383,0.08031601458787918,0.0,-1.8924108743667603,0.4155524969100952,0.0
779.7,4.450448989868164,1.0537244081497192,-0.00439627468585968,-0.2934475243091583,0.29120099544525146,0.0,-1.8924586772918701,0.4177512228488922,0.0
779.7166666666667,4.450448989868164,1.053723692893982,-0.004381991922855377,-0.2933501601219177,0.07659387588500977,0.0,-1.8925070762634277,0.3905251920223236,0.0
779.7333333333333,4.450450897216797,1.0537241697311401,-0.004396200180053711,-0.2935192883014679,0.29448118805885315,0.0,-1.8925546407699585,0.4224369525909424,0.0
779.75,4.450451850891113,1.053723692893982,-0.004381924867630005,-0.2934010326862335,0.08177995681762695,0.0,-1.8926035165786743,0.44445347785949707,0.0
779.7666666666667,4.4504547119140625,1.0537238121032715,-0.004396416246891022,-0.29358261823654175,0.28054627776145935,0.0,-1.892650842666626,0.4341573715209961,0.0
779.7833333333333,4.4504547119140625,1.0537235736846924,-0.004381857812404633,-0.2934832274913788,0.067121222615242,0.0,-1.8926993608474731,0.39606043696403503,0.0
779.8,4.45045804977417,1.053723931312561,-0.0043962374329566956,-0.29369738698005676,0.2899980843067169,0.0,-1.8927466869354248,0.4450158178806305,0.0
779.8166666666667,4.45045804977417,1.0537232160568237,-0.004382014274597168,-0.29359450936317444,0.07414647191762924,0.0,-1.8927950859069824,0.3991309702396393,0.0
779.8333333333334,4.450461387634277,1.0537235736846924,-0.004396311938762665,-0.2937830090522766,0.2839915156364441,0.0,-1.8928425312042236,0.4412958323955536,0.0
779.85,4.450461387634277,1.0537232160568237,-0.004381880164146423,-0.2936771810054779,0.07672069221735,0.0,-1.8928911685943604,0.4434102177619934,0.0
779.8666666666667,4.450464248657227,1.0537234544754028,-0.004396416246891022,-0.29388147592544556,0.27951622009277344,0.0,-1.892938494682312,0.46431443095207214,0.0
779.8833333333333,4.450464725494385,1.0537230968475342,-0.004381820559501648,-0.2937717139720917,0.07068680971860886,0.0,-1.8929871320724487,0.44765645265579224,0.0
779.9,4.450468063354492,1.0537230968475342,-0.0043964385986328125,-0.29399606585502625,0.27562516927719116,0.0,-1.8930343389511108,0.4378964900970459,0.0
779.9166666666666,4.45046854019165,1.0537227392196655,-0.004381835460662842,-0.293887734413147,0.07189864665269852,0.0,-1.893083095550537,0.4492408037185669,0.0
779.9333333333333,4.450472354888916,1.053722858428955,-0.004396431148052216,-0.2941076159477234,0.27750536799430847,0.0,-1.8931304216384888,0.4567042291164398,0.0
779.95,4.450472354888916,1.053722620010376,-0.00438179075717926,-0.29401636123657227,0.07441507279872894,0.0,-1.8931792974472046,0.4534478187561035,0.0
779.9666666666667,4.450476169586182,1.053722620010376,-0.004396356642246246,-0.294231116771698,0.2780567705631256,0.0,-1.8932265043258667,0.4696674644947052,0.0
779.9833333333333,4.45047664642334,1.0537223815917969,-0.004381813108921051,-0.2941388487815857,0.07105530798435211,0.0,-1.8932749032974243,0.41737955808639526,0.0
780.0,4.450479507446289,1.0537223815917969,-0.00439627468585968,-0.2943389117717743,0.28537967801094055,0.0,-1.8933225870132446,0.4353298842906952,0.0
780.0166666666667,4.4504804611206055,1.0537220239639282,-0.0043818652629852295,-0.2942385673522949,0.08272157609462738,0.0,-1.8933711051940918,0.4690633714199066,0.0
780.0333333333333,4.4504828453063965,1.0537221431732178,-0.004396446049213409,-0.2944212257862091,0.2797624170780182,0.0,-1.893418550491333,0.4304530620574951,0.0
780.05,4.450483798980713,1.0537219047546387,-0.004381805658340454,-0.29431256651878357,0.06926492601633072,0.0,-1.8934669494628906,0.42152640223503113,0.0
780.0666666666667,4.450486660003662,1.0537219047546387,-0.004396304488182068,-0.29452991485595703,0.2870464622974396,0.0,-1.8935140371322632,0.40042397379875183,0.0
780.0833333333334,4.45048713684082,1.0537216663360596,-0.004382036626338959,-0.29442501068115234,0.0793183371424675,0.0,-1.8935625553131104,0.42386648058891296,0.0
780.1,4.4504899978637695,1.0537219047546387,-0.004396319389343262,-0.2946034073829651,0.2844042181968689,0.0,-1.8936101198196411,0.4340148866176605,0.0
780.1166666666667,4.450490474700928,1.053721308708191,-0.004381895065307617,-0.29450586438179016,0.07377009093761444,0.0,-1.8936586380004883,0.4247282147407532,0.0
780.1333333333333,4.450492858886719,1.05372154712677,-0.004396304488182068,-0.2947024703025818,0.28596600890159607,0.0,-1.8937060832977295,0.4200138747692108,0.0
780.15,4.450492858886719,1.0537211894989014,-0.004381909966468811,-0.2946019470691681,0.08088435977697372,0.0,-1.8937546014785767,0.4574533998966217,0.0
780.1666666666666,4.450496673583984,1.0537214279174805,-0.004396401345729828,-0.2947910726070404,0.27813220024108887,0.0,-1.8938019275665283,0.4787503778934479,0.0
780.1833333333333,4.450496673583984,1.0537209510803223,-0.0043818652629852295,-0.29469603300094604,0.0687241181731224,0.0,-1.893850326538086,0.4139597713947296,0.0
780.2,4.450499534606934,1.0537211894989014,-0.004396356642246246,-0.2949187755584717,0.28328830003738403,0.0,-1.893897533416748,0.46609941124916077,0.0
780.2166666666667,4.450499534606934,1.0537208318710327,-0.004381842911243439,-0.29479262232780457,0.0800197646021843,0.0,-1.8939462900161743,0.4909398555755615,0.0
780.2333333333333,4.450503349304199,1.0537210702896118,-0.00439666211605072,-0.2950038015842438,0.2664332687854767,0.0,-1.8939933776855469,0.4992614686489105,0.0
780.25,4.450503826141357,1.0537208318710327,-0.004381626844406128,-0.2949068546295166,0.0662887766957283,0.0,-1.8940417766571045,0.45934349298477173,0.0
780.2666666666667,4.450508117675781,1.0537207126617432,-0.004396408796310425,-0.29514920711517334,0.27837878465652466,0.0,-1.894088625907898,0.45264849066734314,0.0
780.2833333333333,4.450508117675781,1.053720235824585,-0.004381857812404633,-0.2950572669506073,0.07643067091703415,0.0,-1.8941372632980347,0.44445332884788513,0.0
780.3,4.4505109786987305,1.053720474243164,-0.004396378993988037,-0.29525554180145264,0.28090882301330566,0.0,-1.8941845893859863,0.45160266757011414,0.0
780.3166666666667,4.450511455535889,1.053720235824585,-0.004381805658340454,-0.2951531708240509,0.07821822166442871,0.0,-1.894233226776123,0.4669216573238373,0.0
780.3333333333334,4.450515270233154,1.0537203550338745,-0.004396453499794006,-0.29535457491874695,0.2781117260456085,0.0,-1.8942806720733643,0.47784513235092163,0.0
780.35,4.4505157470703125,1.0537198781967163,-0.0043818652629852295,-0.2952761948108673,0.07270801067352295,0.0,-1.8943289518356323,0.4170398712158203,0.0
780.3666666666667,4.45051908493042,1.053720235824585,-0.004396319389343262,-0.2954721450805664,0.28645721077919006,0.0,-1.894376516342163,0.4422336518764496,0.0
780.3833333333333,4.450519561767578,1.0537197589874268,-0.004381954669952393,-0.2953745424747467,0.07928595691919327,0.0,-1.8944249153137207,0.4278789460659027,0.0
780.4,4.450521945953369,1.0537198781967163,-0.004396282136440277,-0.2955471873283386,0.28732526302337646,0.0,-1.894472360610962,0.4131595492362976,0.0
780.4166666666666,4.450521469116211,1.0537195205688477,-0.004381947219371796,-0.2954194247722626,0.02695329487323761,0.0,-1.8945209980010986,0.1310005635023117,0.0
780.4333333333333,4.4505228996276855,1.0537201166152954,-0.0043955594301223755,-0.2955946624279022,0.25994449853897095,0.0,-1.8945679664611816,0.18210260570049286,0.0
780.45,4.4505228996276855,1.0537192821502686,-0.004382476210594177,-0.2954689562320709,0.03408012166619301,0.0,-1.8946171998977661,0.2661682665348053,0.0
780.4666666666667,4.450528144836426,1.0537192821502686,-0.004397071897983551,-0.29583248496055603,0.16488726437091827,0.0,-1.8946623802185059,0.2579094469547272,0.0
780.4833333333333,4.450527667999268,1.0537188053131104,-0.004380062222480774,-0.29572010040283203,-0.04096841439604759,0.0,-1.8947103023529053,0.32809484004974365,0.0
780.5,4.450537204742432,1.0537190437316895,-0.004396654665470123,-0.2963453531265259,0.22987212240695953,0.0,-1.8947521448135376,0.460591197013855,0.0
780.5166666666667,4.45053768157959,1.0537185668945312,-0.004381164908409119,-0.29622936248779297,0.03612979128956795,0.0,-1.8948006629943848,0.4502909481525421,0.0
780.5333333333333,4.450544357299805,1.0537185668945312,-0.004396669566631317,-0.2966279089450836,0.23378366231918335,0.0,-1.8948451280593872,0.43590420484542847,0.0
780.55,4.450544834136963,1.053717851638794,-0.004380904138088226,-0.2965145707130432,0.035632576793432236,0.0,-1.8948931694030762,0.42666095495224,0.0
780.5666666666667,4.4505510330200195,1.0537179708480835,-0.004396408796310425,-0.29688188433647156,0.2602402865886688,0.0,-1.894938349723816,0.4626798927783966,0.0
780.5833333333334,4.4505510330200195,1.0537177324295044,-0.0043811798095703125,-0.29680514335632324,0.05902364104986191,0.0,-1.8949862718582153,0.4242275357246399,0.0
780.6,4.450555801391602,1.053717851638794,-0.004396326839923859,-0.29706698656082153,0.2670813202857971,0.0,-1.895032525062561,0.44925469160079956,0.0
780.6166666666667,4.45055627822876,1.0537174940109253,-0.004381187260150909,-0.2969798743724823,0.06352313607931137,0.0,-1.8950806856155396,0.4305949807167053,0.0
780.6333333333333,4.450560092926025,1.0537176132202148,-0.0043962374329566956,-0.2972176671028137,0.2765141427516937,0.0,-1.8951271772384644,0.4325707256793976,0.0
780.65,4.450560569763184,1.0537171363830566,-0.004381313920021057,-0.29711559414863586,0.06455279886722565,0.0,-1.8951750993728638,0.41693952679634094,0.0
780.6666666666666,4.450563430786133,1.0537171363830566,-0.004396200180053711,-0.29735082387924194,0.2769239842891693,0.0,-1.8952215909957886,0.4306207597255707,0.0
780.6833333333333,4.450563907623291,1.0537168979644775,-0.0043811798095703125,-0.2972387373447418,0.07162429392337799,0.0,-1.8952699899673462,0.46251946687698364,0.0
780.7,4.45056676864624,1.053717017173767,-0.004396311938762665,-0.29745903611183167,0.2720801830291748,0.0,-1.8953166007995605,0.44681745767593384,0.0
780.7166666666667,4.450567245483398,1.0537166595458984,-0.004381090402603149,-0.2973535656929016,0.06679137796163559,0.0,-1.8953651189804077,0.4613783657550812,0.0
780.7333333333333,4.450571060180664,1.053716778755188,-0.004396267235279083,-0.29759481549263,0.27067315578460693,0.0,-1.8954116106033325,0.4730876088142395,0.0
780.75,4.4505720138549805,1.0537164211273193,-0.004381120204925537,-0.29749685525894165,0.07158025354146957,0.0,-1.8954598903656006,0.4828711450099945,0.0
780.7666666666667,4.450575351715088,1.0537164211273193,-0.004396408796310425,-0.2977347671985626,0.26972323656082153,0.0,-1.895506501197815,0.476867139339447,0.0
780.7833333333333,4.450575828552246,1.0537161827087402,-0.00438101589679718,-0.2976386845111847,0.067051000893116,0.0,-1.895554780960083,0.4585903584957123,0.0
780.8,4.450579643249512,1.0537163019180298,-0.004396319389343262,-0.2978789806365967,0.2729789614677429,0.0,-1.8956012725830078,0.48107147216796875,0.0
780.8166666666667,4.45058012008667,1.053715705871582,-0.004381135106086731,-0.29777103662490845,0.071723572909832,0.0,-1.8956496715545654,0.47270095348358154,0.0
780.8333333333334,4.4505839347839355,1.0537160634994507,-0.004396311938762665,-0.29799801111221313,0.27049362659454346,0.0,-1.8956962823867798,0.466656357049942,0.0
780.85,4.450583457946777,1.0537155866622925,-0.004381120204925537,-0.29789865016937256,0.06687990576028824,0.0,-1.8957445621490479,0.44621214270591736,0.0
780.8666666666667,4.450587749481201,1.053715705871582,-0.004396207630634308,-0.29812800884246826,0.27553173899650574,0.0,-1.8957911729812622,0.4907771050930023,0.0
780.8833333333333,4.450588226318359,1.0537153482437134,-0.004381150007247925,-0.29803550243377686,0.07553720474243164,0.0,-1.8958393335342407,0.4735058844089508,0.0
780.9,4.450591564178467,1.0537155866622925,-0.00439637154340744,-0.2982521653175354,0.27251100540161133,0.0,-1.8958863019943237,0.48102492094039917,0.0
780.9166666666666,4.450592041015625,1.0537152290344238,-0.004381060600280762,-0.2981491982936859,0.064773328602314,0.0,-1.8959345817565918,0.44163385033607483,0.0
780.9333333333333,4.450595855712891,1.0537153482437134,-0.004396289587020874,-0.2983824610710144,0.2758030891418457,0.0,-1.8959811925888062,0.47788116335868835,0.0
780.95,4.450596332550049,1.0537149906158447,-0.0043811798095703125,-0.2982857823371887,0.07234130799770355,0.0,-1.8960293531417847,0.449409544467926,0.0
780.9666666666667,4.450599670410156,1.0537151098251343,-0.004396207630634308,-0.2984910011291504,0.277194082736969,0.0,-1.8960763216018677,0.4543195962905884,0.0
780.9833333333333,4.4506001472473145,1.053714632987976,-0.004381150007247925,-0.2983948290348053,0.07268302887678146,0.0,-1.8961243629455566,0.4412612318992615,0.0
781.0,4.450603008270264,1.0537149906158447,-0.004396229982376099,-0.29859504103660583,0.2831459939479828,0.0,-1.8961714506149292,0.4611910581588745,0.0
781.0166666666667,4.450603485107422,1.053714394569397,-0.004381291568279266,-0.29848015308380127,0.07204195111989975,0.0,-1.8962197303771973,0.4348640739917755,0.0
781.0333333333333,4.450605869293213,1.0537148714065552,-0.004396222531795502,-0.29867857694625854,0.28059566020965576,0.0,-1.8962666988372803,0.43871840834617615,0.0
781.05,4.450606346130371,1.0537142753601074,-0.004381157457828522,-0.2985682785511017,0.07581718266010284,0.0,-1.896315097808838,0.4597180187702179,0.0
781.0666666666667,4.450608730316162,1.053714632987976,-0.004396229982376099,-0.29876893758773804,0.2784182131290436,0.0,-1.896362066268921,0.4663827121257782,0.0
781.0833333333334,4.4506096839904785,1.0537140369415283,-0.004381075501441956,-0.29864826798439026,0.07476003468036652,0.0,-1.896410584449768,0.48430171608924866,0.0
781.1,4.450612545013428,1.0537142753601074,-0.0043963417410850525,-0.29886338114738464,0.2729476988315582,0.0,-1.8964574337005615,0.45515501499176025,0.0
781.1166666666667,4.450613498687744,1.0537136793136597,-0.00438101589679718,-0.2987527847290039,0.06745685636997223,0.0,-1.8965058326721191,0.4503363370895386,0.0
781.1333333333333,4.450616836547852,1.0537141561508179,-0.004396289587020874,-0.2989851236343384,0.279155969619751,0.0,-1.896552562713623,0.45155856013298035,0.0
781.15,4.45061731338501,1.0537136793136597,-0.004381224513053894,-0.2988748252391815,0.07194960862398148,0.0,-1.8966008424758911,0.4486684799194336,0.0
781.1666666666666,4.450620651245117,1.0537137985229492,-0.004396207630634308,-0.2990872263908386,0.2779138684272766,0.0,-1.8966476917266846,0.44259458780288696,0.0
781.1833333333333,4.450620651245117,1.0537136793136597,-0.0043811798095703125,-0.2989908754825592,0.07084087282419205,0.0,-1.8966957330703735,0.4299558401107788,0.0
781.2,4.450624465942383,1.0537135601043701,-0.0043961480259895325,-0.2991882860660553,0.28225642442703247,0.0,-1.8967427015304565,0.45557746291160583,0.0
781.2166666666667,4.450624465942383,1.0537134408950806,-0.004381291568279266,-0.2990933656692505,0.07412600517272949,0.0,-1.896790623664856,0.430594801902771,0.0
781.2333333333333,4.450626850128174,1.0537135601043701,-0.004396215081214905,-0.2992810010910034,0.283417284488678,0.0,-1.8968377113342285,0.4499624967575073,0.0
781.25,4.450628280639648,1.0537132024765015,-0.004381261765956879,-0.2991558313369751,0.06929271668195724,0.0,-1.8968862295150757,0.4282051920890808,0.0
781.2666666666667,4.4506306648254395,1.053713321685791,-0.004396222531795502,-0.299369752407074,0.2829163670539856,0.0,-1.8969334363937378,0.4073966145515442,0.0
781.2833333333333,4.450631141662598,1.0537129640579224,-0.004381269216537476,-0.29926466941833496,0.07301986217498779,0.0,-1.8969814777374268,0.417341411113739,0.0
781.3,4.4506330490112305,1.053713083267212,-0.004396103322505951,-0.2994436025619507,0.2883569598197937,0.0,-1.897028923034668,0.42631030082702637,0.0
781.3166666666667,4.450633525848389,1.0537128448486328,-0.004381284117698669,-0.2993255853652954,0.07941900193691254,0.0,-1.8970770835876465,0.45515409111976624,0.0
781.3333333333334,4.450636386871338,1.0537128448486328,-0.004396207630634308,-0.29950809478759766,0.2772623896598816,0.0,-1.897124171257019,0.4598011374473572,0.0
781.35,4.450636386871338,1.0537126064300537,-0.004381120204925537,-0.2994164526462555,0.07247127592563629,0.0,-1.8971723318099976,0.4552419185638428,0.0
781.3666666666667,4.450640678405762,1.0537126064300537,-0.004396259784698486,-0.2996262311935425,0.27815043926239014,0.0,-1.8972190618515015,0.4860498607158661,0.0
781.3833333333333,4.45064115524292,1.0537123680114746,-0.004381231963634491,-0.29954224824905396,0.07076185196638107,0.0,-1.8972671031951904,0.42752766609191895,0.0
781.4,4.450644016265869,1.0537124872207642,-0.004396215081214905,-0.29974639415740967,0.28146305680274963,0.0,-1.8973140716552734,0.45609888434410095,0.0
781.4166666666666,4.450644493103027,1.0537121295928955,-0.004381224513053894,-0.2996369004249573,0.0713653713464737,0.0,-1.8973621129989624,0.4307510554790497,0.0
781.4333333333333,4.45064640045166,1.053712248802185,-0.004396207630634308,-0.2998400032520294,0.280070424079895,0.0,-1.8974090814590454,0.45417457818984985,0.0
781.45,4.450647354125977,1.053712010383606,-0.0043810829520225525,-0.2997119128704071,0.07474932819604874,0.0,-1.8974575996398926,0.4807646572589874,0.0
781.4666666666667,4.450650215148926,1.0537121295928955,-0.004396334290504456,-0.2999296188354492,0.2729434370994568,0.0,-1.897504448890686,0.4686547815799713,0.0
781.4833333333333,4.4506516456604,1.0537117719650269,-0.004381068050861359,-0.2998218238353729,0.07050295174121857,0.0,-1.8975530862808228,0.46438661217689514,0.0
781.5,4.450654983520508,1.0537118911743164,-0.004396304488182068,-0.30004173517227173,0.27941322326660156,0.0,-1.8975999355316162,0.43143028020858765,0.0
781.5166666666667,4.450654983520508,1.0537115335464478,-0.004381269216537476,-0.2999396026134491,0.06859034299850464,0.0,-1.8976478576660156,0.3955257534980774,0.0
781.5333333333333,4.450657844543457,1.0537116527557373,-0.00439608097076416,-0.30013322830200195,0.28916803002357483,0.0,-1.8976950645446777,0.4398593306541443,0.0
781.55,4.450657367706299,1.0537114143371582,-0.004381448030471802,-0.3000349998474121,0.07779563963413239,0.0,-1.8977433443069458,0.4250381290912628,0.0
781.5666666666667,4.450660705566406,1.0537115335464478,-0.004396155476570129,-0.3002097010612488,0.28151819109916687,0.0,-1.897790551185608,0.4864743649959564,0.0
781.5833333333334,4.4506611824035645,1.0537109375,-0.004381246864795685,-0.3001002371311188,0.07397677004337311,0.0,-1.8978389501571655,0.46046918630599976,0.0
781.6,4.450664043426514,1.0537112951278687,-0.004396319389343262,-0.30031195282936096,0.27436912059783936,0.0,-1.897885799407959,0.46682947874069214,0.0
781.6166666666667,4.450665473937988,1.0537109375,-0.00438111275434494,-0.30021604895591736,0.07028371095657349,0.0,-1.897934079170227,0.45052528381347656,0.0
781.6333333333333,4.4506683349609375,1.053711175918579,-0.004396185278892517,-0.30042681097984314,0.2802160382270813,0.0,-1.89798104763031,0.42135536670684814,0.0
781.65,4.450668811798096,1.053710699081421,-0.004381269216537476,-0.30031368136405945,0.07081315666437149,0.0,-1.8980292081832886,0.42554348707199097,0.0
781.6666666666666,4.4506707191467285,1.0537110567092896,-0.004396133124828339,-0.30051538348197937,0.2854328453540802,0.0,-1.8980764150619507,0.4241926372051239,0.0
781.6833333333333,4.4506707191467285,1.0537105798721313,-0.004381269216537476,-0.30037906765937805,0.07680121809244156,0.0,-1.898125171661377,0.4611040949821472,0.0
781.7,4.450674533843994,1.0537108182907104,-0.00439627468585968,-0.30057981610298157,0.2723674476146698,0.0,-1.89817214012146,0.4940996468067169,0.0
781.7166666666667,4.450674533843994,1.0537103414535522,-0.004381075501441956,-0.30049124360084534,0.06466496735811234,0.0,-1.898220181465149,0.42319178581237793,0.0
781.7333333333333,4.450678825378418,1.0537105798721313,-0.004396207630634308,-0.3007144033908844,0.2807084321975708,0.0,-1.898267149925232,0.46235761046409607,0.0
781.75,4.450679302215576,1.0537099838256836,-0.004381328821182251,-0.30063754320144653,0.07270748913288116,0.0,-1.8983150720596313,0.3997472822666168,0.0
781.7666666666667,4.450682163238525,1.0537103414535522,-0.004396110773086548,-0.3008185923099518,0.28924763202667236,0.0,-1.898362398147583,0.4403742551803589,0.0
781.7833333333333,4.450682163238525,1.0537099838256836,-0.004381291568279266,-0.3007064759731293,0.07585783302783966,0.0,-1.8984107971191406,0.4261266887187958,0.0
781.8,4.450684547424316,1.0537102222442627,-0.004396192729473114,-0.3008844554424286,0.2839842438697815,0.0,-1.8984580039978027,0.43441519141197205,0.0
781.8166666666667,4.450685977935791,1.0537097454071045,-0.0043811798095703125,-0.3007729649543762,0.07497552037239075,0.0,-1.8985061645507812,0.4385588467121124,0.0
781.8333333333334,4.450687408447266,1.0537099838256836,-0.004396170377731323,-0.30095985531806946,0.2868579030036926,0.0,-1.898553490638733,0.385814368724823,0.0
781.85,4.450687885284424,1.053709626197815,-0.0043811798095703125,-0.3008309304714203,0.07358426600694656,0.0,-1.89860200881958,0.4300118684768677,0.0
781.8666666666667,4.450690746307373,1.053709864616394,-0.0043961480259895325,-0.3010251224040985,0.2842503786087036,0.0,-1.8986490964889526,0.44691434502601624,0.0
781.8833333333333,4.450690746307373,1.0537093877792358,-0.004381261765956879,-0.30091342329978943,0.0751170888543129,0.0,-1.8986971378326416,0.4380642771720886,0.0
781.9,4.4506940841674805,1.053709626197815,-0.004396207630634308,-0.30110615491867065,0.28016990423202515,0.0,-1.8987442255020142,0.46721458435058594,0.0
781.9166666666666,4.450694561004639,1.0537090301513672,-0.004381194710731506,-0.30101531744003296,0.07303579896688461,0.0,-1.8987925052642822,0.4456176459789276,0.0
781.9333333333333,4.450697898864746,1.0537093877792358,-0.0043962448835372925,-0.3012225329875946,0.2804296612739563,0.0,-1.8988393545150757,0.4463970959186554,0.0
781.95,4.450697898864746,1.0537089109420776,-0.004381284117698669,-0.3011181354522705,0.06719931960105896,0.0,-1.8988873958587646,0.3999852240085602,0.0
781.9666666666667,4.450700759887695,1.0537093877792358,-0.004396103322505951,-0.3013240694999695,0.28539153933525085,0.0,-1.8989343643188477,0.4656195342540741,0.0
781.9833333333333,4.450700759887695,1.0537086725234985,-0.004381202161312103,-0.30120202898979187,0.0777309238910675,0.0,-1.8989827632904053,0.4698314368724823,0.0
782.0,4.450703144073486,1.0537090301513672,-0.004396356642246246,-0.3014023005962372,0.27212998270988464,0.0,-1.8990297317504883,0.4734835624694824,0.0
782.0166666666667,4.450704574584961,1.0537086725234985,-0.004380941390991211,-0.30128446221351624,0.07221438735723495,0.0,-1.8990780115127563,0.49732738733291626,0.0
782.0333333333333,4.450707912445068,1.053708791732788,-0.004396334290504456,-0.3015170097351074,0.2723003327846527,0.0,-1.8991246223449707,0.44964516162872314,0.0
782.05,4.450708389282227,1.0537084341049194,-0.004381097853183746,-0.3014046251773834,0.06472563743591309,0.0,-1.8991729021072388,0.42830076813697815,0.0
782.0666666666667,4.450711727142334,1.0537086725234985,-0.004396215081214905,-0.30163252353668213,0.2820111811161041,0.0,-1.8992196321487427,0.4376685917377472,0.0
782.0833333333334,4.450712203979492,1.0537080764770508,-0.004381291568279266,-0.3015185594558716,0.07261691242456436,0.0,-1.8992677927017212,0.41673019528388977,0.0
782.1,4.450714111328125,1.0537083148956299,-0.0043961480259895325,-0.30171874165534973,0.28310471773147583,0.0,-1.8993147611618042,0.4490378201007843,0.0
782.1166666666667,4.450714111328125,1.0537078380584717,-0.004381164908409119,-0.3016006648540497,0.0768025666475296,0.0,-1.8993630409240723,0.46680593490600586,0.0
782.1333333333333,4.450718879699707,1.0537080764770508,-0.004396326839923859,-0.3018025755882263,0.27350902557373047,0.0,-1.8994100093841553,0.5073869824409485,0.0
782.15,4.450718879699707,1.0537078380584717,-0.004381194710731506,-0.3017292022705078,0.06824289262294769,0.0,-1.8994576930999756,0.42476320266723633,0.0
782.1666666666666,4.450721740722656,1.0537078380584717,-0.004396207630634308,-0.30194100737571716,0.2806181013584137,0.0,-1.8995046615600586,0.4674599766731262,0.0
782.1833333333333,4.450722694396973,1.0537075996398926,-0.004381135106086731,-0.30183929204940796,0.0791654884815216,0.0,-1.8995529413223267,0.47842374444007874,0.0
782.2,4.450725078582764,1.0537078380584717,-0.004396326839923859,-0.30203524231910706,0.2733786404132843,0.0,-1.8995997905731201,0.45597168803215027,0.0
782.2166666666667,4.450725555419922,1.053707480430603,-0.004381053149700165,-0.30192434787750244,0.06969132274389267,0.0,-1.8996484279632568,0.4604881703853607,0.0
782.2333333333333,4.450728893280029,1.0537075996398926,-0.00439627468585968,-0.30214735865592957,0.27803024649620056,0.0,-1.8996950387954712,0.47361332178115845,0.0
782.25,4.450730323791504,1.053707242012024,-0.004381164908409119,-0.30203643441200256,0.07130619883537292,0.0,-1.8997434377670288,0.44834181666374207,0.0
782.2666666666667,4.450733184814453,1.0537073612213135,-0.004396282136440277,-0.30224716663360596,0.27746063470840454,0.0,-1.8997902870178223,0.4286024868488312,0.0
782.2833333333333,4.450733184814453,1.0537070035934448,-0.004381239414215088,-0.30214613676071167,0.07072091847658157,0.0,-1.8998383283615112,0.4158267676830292,0.0
782.3,4.4507365226745605,1.0537071228027344,-0.004396155476570129,-0.30234357714653015,0.28697681427001953,0.0,-1.899885654449463,0.457477331161499,0.0
782.3166666666667,4.450736999511719,1.0537067651748657,-0.004381284117698669,-0.3022448718547821,0.07386454194784164,0.0,-1.8999336957931519,0.40685105323791504,0.0
782.3333333333334,4.450739860534668,1.0537068843841553,-0.004396110773086548,-0.3024210035800934,0.2857913672924042,0.0,-1.899981141090393,0.4318592846393585,0.0
782.35,4.450739860534668,1.0537067651748657,-0.004381239414215088,-0.30231136083602905,0.07485842704772949,0.0,-1.9000294208526611,0.4210585057735443,0.0
782.3666666666667,4.450741767883301,1.0537067651748657,-0.00439608097076416,-0.3024901747703552,0.2874850630760193,0.0,-1.9000768661499023,0.4378381073474884,0.0
782.3833333333333,4.450742721557617,1.053706407546997,-0.0043812766671180725,-0.3023693859577179,0.07937461137771606,0.0,-1.9001253843307495,0.4620335102081299,0.0
782.4,4.450745582580566,1.0537066459655762,-0.004396192729473114,-0.30255720019340515,0.27886155247688293,0.0,-1.9001725912094116,0.44134435057640076,0.0
782.4166666666666,4.450745582580566,1.053706169128418,-0.004381202161312103,-0.30245456099510193,0.0659865140914917,0.0,-1.900220513343811,0.402353435754776,0.0
782.4333333333333,4.450748443603516,1.0537062883377075,-0.004396133124828339,-0.302668035030365,0.2861414849758148,0.0,-1.900267481803894,0.45033136010169983,0.0
782.45,4.450749397277832,1.0537060499191284,-0.004381246864795685,-0.30255526304244995,0.08192883431911469,0.0,-1.900315761566162,0.4723377227783203,0.0
782.4666666666667,4.450752258300781,1.053706169128418,-0.004396252334117889,-0.30273643136024475,0.27367323637008667,0.0,-1.9003629684448242,0.44879424571990967,0.0
782.4833333333333,4.450752258300781,1.0537058115005493,-0.004381060600280762,-0.302621066570282,0.059672385454177856,0.0,-1.9004108905792236,0.4060213565826416,0.0
782.5,4.450756549835205,1.0537059307098389,-0.00439608097076416,-0.30285587906837463,0.2825104594230652,0.0,-1.9004573822021484,0.4446975588798523,0.0
782.5166666666667,4.450755596160889,1.0537054538726807,-0.004381336271762848,-0.3027838170528412,0.07663717120885849,0.0,-1.9005053043365479,0.40456515550613403,0.0
782.5333333333333,4.450759410858154,1.0537056922912598,-0.004396110773086548,-0.3029474914073944,0.2882063686847687,0.0,-1.9005528688430786,0.4878958761692047,0.0
782.55,4.4507598876953125,1.0537053346633911,-0.004381336271762848,-0.302864670753479,0.07735344767570496,0.0,-1.900600790977478,0.4275948703289032,0.0
782.5666666666667,4.450761318206787,1.0537056922912598,-0.004396155476570129,-0.3030388057231903,0.28297480940818787,0.0,-1.9006479978561401,0.4362910985946655,0.0
782.5833333333334,4.4507622718811035,1.0537052154541016,-0.0043811798095703125,-0.3029152452945709,0.07516395300626755,0.0,-1.9006965160369873,0.4675810933113098,0.0
782.6,4.450765132904053,1.0537053346633911,-0.004396229982376099,-0.30312246084213257,0.27752113342285156,0.0,-1.9007434844970703,0.4652775228023529,0.0
782.6166666666667,4.450766563415527,1.0537049770355225,-0.004381045699119568,-0.30301979184150696,0.07608923316001892,0.0,-1.9007917642593384,0.47791025042533875,0.0
782.6333333333333,4.450769901275635,1.0537052154541016,-0.004396319389343262,-0.3032250702381134,0.2769254446029663,0.0,-1.9008387327194214,0.4317673444747925,0.0
782.65,4.450769424438477,1.0537046194076538,-0.004381246864795685,-0.30313071608543396,0.06205255910754204,0.0,-1.9008867740631104,0.37726646661758423,0.0
782.6666666666666,4.450772762298584,1.0537052154541016,-0.004396066069602966,-0.30333980917930603,0.2892751395702362,0.09324009716510773,-1.9009337425231934,0.46264058351516724,0.09324009716510773
782.6833333333333,4.450728416442871,1.0537073612213135,-0.004386432468891144,-0.3025153577327728,0.3415970802307129,0.18648017942905426,-1.8994196653366089,0.9534692764282227,0.18648017942905426
782.7,4.450638771057129,1.053712248802185,-0.004393048584461212,-0.30098530650138855,0.4605666995048523,0.279720276594162,-1.8963426351547241,1.9018909931182861,0.279720276594162
782.7166666666667,4.4504923820495605,1.0537234544754028,-0.00439569354057312,-0.2978574335575104,0.21175886690616608,0.279720276594162,-1.8917115926742554,2.8939831256866455,0.279720276594162
782.7333333333333,4.450322151184082,1.0537317991256714,-0.004389248788356781,-0.29409119486808777,0.5910195112228394,0.46620047092437744,-1.8870881795883179,2.3667166233062744,0.46620047092437744
782.75,4.450082302093506,1.0537447929382324,-0.004395991563796997,-0.28840354084968567,0.14010436832904816,0.559440553188324,-1.87934410572052,2.5020592212677,0.559440553188324
782.7666666666667,4.4497785568237305,1.0537611246109009,-0.004386544227600098,-0.2809547781944275,0.7083855867385864,0.6526806354522705,-1.8700445890426636,3.4483842849731445,0.6526806354522705
782.7833333333333,4.449449062347412,1.0537807941436768,-0.004403568804264069,-0.2721138298511505,0.3883475661277771,0.745920717716217,-1.8591922521591187,0.7073767781257629,0.745920717716217
782.8,4.449021339416504,1.0538028478622437,-0.004380583763122559,-0.26161980628967285,0.9165735840797424,0.8391608595848083,-1.846785068511963,3.6822140216827393,0.8391608595848083
782.8166666666667,4.448546409606934,1.053830862045288,-0.004398629069328308,-0.24953065812587738,0.6091695427894592,0.8391608595848083,-1.8328276872634888,1.1735366582870483,0.8391608595848083
782.8333333333334,4.448060512542725,1.0538560152053833,-0.004380993545055389,-0.2371021956205368,0.9428799152374268,1.0256409645080566,-1.8188705444335938,3.1169416904449463,1.0256409645080566
782.85,4.447489261627197,1.0538893938064575,-0.004398897290229797,-0.22205640375614166,0.7872137427330017,1.118881106376648,-1.8018031120300293,2.624837875366211,1.118881106376648
782.8666666666667,4.446884632110596,1.0539219379425049,-0.004384219646453857,-0.20624922215938568,1.3744367361068726,1.2121212482452393,-1.7831698656082153,2.2268269062042236,1.2121212482452393
782.8833333333333,4.44617223739624,1.0539616346359253,-0.004396416246891022,-0.18747398257255554,0.9142267107963562,1.305361270904541,-1.7630019187927246,2.4469821453094482,1.305361270904541
782.9,4.445423126220703,1.054000735282898,-0.0043844133615493774,-0.167847141623497,1.3902390003204346,1.3986014127731323,-1.7412678003311157,4.032330513000488,1.3986014127731323
782.9166666666666,4.4446187019348145,1.0540450811386108,-0.004398778080940247,-0.14603567123413086,1.3320649862289429,1.3986014127731323,-1.7179911136627197,3.561840295791626,1.3986014127731323
782.9333333333333,4.44381046295166,1.0540895462036133,-0.004379153251647949,-0.12481164187192917,1.5165330171585083,1.3986014127731323,-1.6947050094604492,2.9911158084869385,1.3986014127731323
782.95,4.442991256713867,1.0541329383850098,-0.00439799576997757,-0.1025405004620552,1.0511783361434937,1.3986014127731323,-1.671433687210083,3.2142720222473145,1.3986014127731323
782.9666666666667,4.442177772521973,1.0541746616363525,-0.004376083612442017,-0.08088567852973938,1.2964762449264526,1.3986014127731323,-1.6481523513793945,3.175687789916992,1.3986014127731323
782.9833333333333,4.441349983215332,1.0542203187942505,-0.004396334290504456,-0.05874878913164139,1.0894235372543335,1.3986014127731323,-1.6248794794082642,2.492408275604248,1.3986014127731323
783.0,4.440543174743652,1.054260492324829,-0.004381708800792694,-0.03729746863245964,1.519572138786316,1.3986014127731323,-1.6015948057174683,3.6514780521392822,1.3986014127731323
783.0166666666667,4.43971586227417,1.0543042421340942,-0.004394687712192535,-0.015071860514581203,1.167574405670166,1.3986014127731323,-1.5783237218856812,2.5259697437286377,1.3986014127731323
783.0333333333333,4.438901424407959,1.0543475151062012,-0.004379801452159882,0.006484596524387598,1.5332366228103638,1.3986014127731323,-1.555039882659912,2.7644503116607666,1.3986014127731323
783.05,4.438085079193115,1.0543887615203857,-0.004395864903926849,0.028606362640857697,1.058698296546936,1.3986014127731323,-1.5317670106887817,3.126166820526123,1.3986014127731323
783.0666666666667,4.4372711181640625,1.0544302463531494,-0.004377380013465881,0.050340503454208374,1.2330820560455322,1.3986014127731323,-1.5084867477416992,2.9984076023101807,1.3986014127731323
783.0833333333334,4.436445236206055,1.0544739961624146,-0.004397332668304443,0.0723629966378212,1.1013795137405396,1.3986014127731323,-1.4852120876312256,2.4863626956939697,1.3986014127731323
783.1,4.435636520385742,1.054512619972229,-0.004381529986858368,0.09390989691019058,1.5058324337005615,1.3986014127731323,-1.4619282484054565,3.7096986770629883,1.3986014127731323
783.1166666666667,4.434810161590576,1.0545547008514404,-0.0043951719999313354,0.11607597768306732,1.1850817203521729,1.3986014127731323,-1.438656210899353,2.502027988433838,1.3986014127731323
783.1333333333333,4.433994770050049,1.0545963048934937,-0.004379957914352417,0.13765648007392883,1.5295276641845703,1.3986014127731323,-1.4153728485107422,2.7904484272003174,1.3986014127731323
783.15,4.4331793785095215,1.0546356439590454,-0.004395768046379089,0.15976721048355103,1.0585508346557617,1.3986014127731323,-1.3920998573303223,3.1213035583496094,1.3986014127731323
783.1666666666666,4.432363986968994,1.054675817489624,-0.004377797245979309,0.18148411810398102,1.2833584547042847,1.3986014127731323,-1.368819236755371,2.9657223224639893,1.3986014127731323
783.1833333333333,4.431537628173828,1.054717779159546,-0.004397392272949219,0.20352524518966675,1.1045830249786377,1.3986014127731323,-1.345544695854187,2.4674742221832275,1.3986014127731323
783.2,4.430728912353516,1.0547549724578857,-0.004381686449050903,0.22508490085601807,1.5017448663711548,1.3986014127731323,-1.3222613334655762,3.735330104827881,1.3986014127731323
783.2166666666667,4.429902076721191,1.0547951459884644,-0.004395127296447754,0.24723052978515625,1.1950432062149048,1.3986014127731323,-1.298989176750183,2.488093137741089,1.3986014127731323
783.2333333333333,4.429087162017822,1.054835319519043,-0.004379972815513611,0.2688005268573761,1.532691478729248,1.3986014127731323,-1.2757059335708618,2.7636303901672363,1.3986014127731323
783.25,4.4282708168029785,1.054872751235962,-0.004395574331283569,0.29090818762779236,1.0599079132080078,1.3986014127731323,-1.2524333000183105,3.113409996032715,1.3986014127731323
783.2666666666667,4.427456855773926,1.0549113750457764,-0.004377901554107666,0.3126305043697357,1.2846533060073853,1.3986014127731323,-1.2291524410247803,2.949091911315918,1.3986014127731323
783.2833333333333,4.42663049697876,1.0549519062042236,-0.0043974220752716064,0.3346688747406006,1.1053358316421509,1.3986014127731323,-1.2058780193328857,2.461350679397583,1.3986014127731323
783.3,4.425821781158447,1.0549870729446411,-0.004381522536277771,0.35622841119766235,1.5020370483398438,1.3986014127731323,-1.1825941801071167,3.725908041000366,1.3986014127731323
783.3166666666667,4.424994945526123,1.0550259351730347,-0.004395276308059692,0.3783736526966095,1.1963313817977905,1.3986014127731323,-1.159321904182434,2.510383129119873,1.3986014127731323
783.3333333333334,4.424180030822754,1.0550644397735596,-0.004379980266094208,0.399955689907074,1.5257878303527832,1.3986014127731323,-1.1360386610031128,2.813328742980957,1.3986014127731323
783.35,4.423363208770752,1.0551002025604248,-0.004395842552185059,0.42205917835235596,1.0592015981674194,1.3986014127731323,-1.1127655506134033,3.114511728286743,1.3986014127731323
783.3666666666667,4.422548770904541,1.055137038230896,-0.004377894103527069,0.44378724694252014,1.2913357019424438,1.3986014127731323,-1.089484691619873,2.9648184776306152,1.3986014127731323
783.3833333333333,4.421721935272217,1.05517578125,-0.0043974369764328,0.46583500504493713,1.1056634187698364,1.3986014127731323,-1.066210389137268,2.459895133972168,1.3986014127731323
783.4,4.420912742614746,1.0552096366882324,-0.004381641745567322,0.4874022305011749,1.5008175373077393,1.3986014127731323,-1.0429269075393677,3.7276344299316406,1.3986014127731323
783.4166666666666,4.420086860656738,1.0552465915679932,-0.004395216703414917,0.509548008441925,1.189687967300415,1.3986014127731323,-1.0196548700332642,2.4947142601013184,1.3986014127731323
783.4333333333333,4.419271469116211,1.0552834272384644,-0.004379957914352417,0.5311283469200134,1.528545618057251,1.3986014127731323,-0.9963716268539429,2.7958881855010986,1.3986014127731323
783.45,4.418455123901367,1.0553175210952759,-0.004395782947540283,0.5532381534576416,1.0583438873291016,1.3986014127731323,-0.9730986952781677,3.122551202774048,1.3986014127731323
783.4666666666667,4.417640209197998,1.0553526878356934,-0.004377931356430054,0.5749484896659851,1.3168046474456787,1.3986014127731323,-0.949817419052124,2.9622316360473633,1.3986014127731323
783.4833333333333,4.416812896728516,1.055389642715454,-0.0043974369764328,0.5969992280006409,1.1052452325820923,1.3986014127731323,-0.9265432357788086,2.462161064147949,1.3986014127731323
783.5,4.416004180908203,1.0554217100143433,-0.004381634294986725,0.6185650825500488,1.500984787940979,1.3986014127731323,-0.9032596349716187,3.725001811981201,1.3986014127731323
783.5166666666667,4.415177345275879,1.0554572343826294,-0.004395380616188049,0.640705943107605,1.1932321786880493,1.3986014127731323,-0.8799872398376465,2.5152029991149902,1.3986014127731323
783.5333333333333,4.414361476898193,1.0554921627044678,-0.004379861056804657,0.6622934341430664,1.5229593515396118,1.3986014127731323,-0.8567039966583252,2.8331007957458496,1.3986014127731323
783.55,4.41354513168335,1.0555248260498047,-0.004396006464958191,0.6844031810760498,1.0558431148529053,1.3986014127731323,-0.83343106508255,3.1527843475341797,1.3986014127731323
783.5666666666667,4.4127302169799805,1.055558443069458,-0.004377976059913635,0.7061169743537903,1.3182811737060547,1.3986014127731323,-0.8101498484611511,2.965571880340576,1.3986014127731323
783.5833333333334,4.411903381347656,1.0555939674377441,-0.004397407174110413,0.728165864944458,1.105061650276184,1.3986014127731323,-0.7868756055831909,2.455537796020508,1.3986014127731323
783.6,4.411094665527344,1.05562424659729,-0.004381537437438965,0.7497309446334839,1.5012593269348145,1.3986014127731323,-0.763592004776001,3.721348285675049,1.3986014127731323
783.6166666666667,4.410266876220703,1.0556578636169434,-0.004395246505737305,0.7718805074691772,1.190740942955017,1.3986014127731323,-0.7403197884559631,2.499751567840576,1.3986014127731323
783.6333333333333,4.409452438354492,1.0556912422180176,-0.004379935562610626,0.7934556603431702,1.529774785041809,1.3986014127731323,-0.7170364260673523,2.7845299243927,1.3986014127731323
783.65,4.408634662628174,1.0557223558425903,-0.0043957531452178955,0.8155627250671387,1.059795618057251,1.3986014127731323,-0.6937633752822876,3.1109390258789062,1.3986014127731323
783.6666666666666,4.407820701599121,1.0557539463043213,-0.004377551376819611,0.8372958898544312,1.2460167407989502,1.2587412595748901,-0.6704826951026917,2.9801273345947266,1.2587412595748901
783.6833333333333,4.4070658683776855,1.055785059928894,-0.0043985843658447266,0.8576272130012512,0.9915608167648315,1.118881106376648,-0.6495464444160461,2.6214587688446045,1.118881106376648
783.7,4.406402587890625,1.055808663368225,-0.004385799169540405,0.8756929039955139,1.1610629558563232,0.9790209531784058,-0.6309375166893005,3.5016469955444336,0.9790209531784058
783.7166666666667,4.4058332443237305,1.0558311939239502,-0.00440235435962677,0.8911704421043396,0.8704168796539307,0.9790209531784058,-0.6146612167358398,3.7372262477874756,0.9790209531784058
783.7333333333333,4.405246734619141,1.0558533668518066,-0.0043830424547195435,0.9062983989715576,1.12559175491333,0.6993007063865662,-0.5983781218528748,3.458325147628784,0.6993007063865662
783.75,4.4048171043396,1.0558714866638184,-0.0044004470109939575,0.918258011341095,0.9519534111022949,0.559440553188324,-0.5867764949798584,4.312108039855957,0.559440553188324
783.7666666666667,4.404490947723389,1.0558806657791138,-0.00438932329416275,0.927314043045044,0.8252312541007996,0.4195804297924042,-0.5774993896484375,4.127305030822754,0.4195804297924042
783.7833333333333,4.404218673706055,1.0558935403823853,-0.004391878843307495,0.9342484474182129,0.7474938035011292,0.279720276594162,-0.5705538988113403,2.6692769527435303,0.279720276594162
783.8,4.404066562652588,1.0558964014053345,-0.004394456744194031,0.9384382963180542,0.561843752861023,0.139860138297081,-0.5659377574920654,2.480090618133545,0.139860138297081
783.8166666666667,4.403988361358643,1.055901050567627,-0.004391901195049286,0.9407379031181335,0.3671148419380188,0.139860138297081,-0.5636538863182068,1.7552649974822998,0.139860138297081
783.8333333333334,4.403944969177246,1.0559005737304688,-0.004395522177219391,0.9415653347969055,0.2803052067756653,0.0,-0.5613558888435364,0.7731702327728271,0.0
783.85,4.4039459228515625,1.0559005737304688,-0.004382327198982239,0.9415968656539917,0.019812751561403275,0.0,-0.5614023804664612,0.5113264918327332,0.0
783.8666666666667,4.403950214385986,1.0559003353118896,-0.004396982491016388,0.9413041472434998,0.19097678363323212,0.0,-0.5614482760429382,0.5328912138938904,0.0
783.8833333333333,4.403951644897461,1.0558998584747314,-0.004380404949188232,0.9414045810699463,0.01693723537027836,0.0,-0.5614961385726929,0.5053532719612122,0.0
783.9,4.403957366943359,1.0559000968933105,-0.0043964684009552,0.9409868717193604,0.2564620077610016,0.0,-0.5615403652191162,0.5125716328620911,0.0
783.9166666666666,4.403958320617676,1.0558996200561523,-0.0043813809752464294,0.9410929083824158,0.06513742357492447,0.0,-0.5615888833999634,0.5415658354759216,0.0
783.9333333333333,4.403961658477783,1.055899739265442,-0.004396721720695496,0.9408555030822754,0.24623344838619232,0.0,-0.5616353750228882,0.4830850660800934,0.0
783.95,4.4039626121521,1.0558995008468628,-0.004380911588668823,0.9409643411636353,0.050078462809324265,0.0,-0.5616834759712219,0.4930065870285034,0.0
783.9666666666667,4.403966903686523,1.0558996200561523,-0.004396386444568634,0.9406980276107788,0.26472675800323486,0.0,-0.5617296099662781,0.49074679613113403,0.0
783.9833333333333,4.403966903686523,1.0558995008468628,-0.004381254315376282,0.9407836198806763,0.0674535408616066,0.0,-0.561777651309967,0.4924696683883667,0.0
784.0,4.403970241546631,1.0558993816375732,-0.004396416246891022,0.9405907392501831,0.267240047454834,0.0,-0.5618247985839844,0.49245956540107727,0.0
784.0166666666667,4.403970718383789,1.0558991432189941,-0.004381328821182251,0.9406795501708984,0.06311891227960587,0.0,-0.5618730187416077,0.4687071144580841,0.0
784.0333333333333,4.4039740562438965,1.0558993816375732,-0.004396334290504456,0.9404788613319397,0.27393990755081177,0.0,-0.5619199275970459,0.4850499629974365,0.0
784.05,4.4039740562438965,1.0558991432189941,-0.004381313920021057,0.9405739307403564,0.06844644248485565,0.0,-0.5619681477546692,0.48703277111053467,0.0
784.0666666666667,4.403975963592529,1.0558993816375732,-0.004396408796310425,0.9403896927833557,0.26928529143333435,0.0,-0.5620153546333313,0.4869823455810547,0.0
784.0833333333334,4.403977394104004,1.0558990240097046,-0.004381194710731506,0.9405201077461243,0.06385952234268188,0.0,-0.5620639324188232,0.5165817141532898,0.0
784.1,4.403980731964111,1.0558991432189941,-0.004396513104438782,0.9403021931648254,0.2652698755264282,0.0,-0.5621107816696167,0.48804977536201477,0.0
784.1166666666667,4.403980731964111,1.055898666381836,-0.00438130646944046,0.9403939247131348,0.06417454034090042,0.0,-0.5621589422225952,0.48480772972106934,0.0
784.1333333333333,4.403984546661377,1.055898904800415,-0.004396378993988037,0.940191388130188,0.2715977430343628,0.0,-0.5622058510780334,0.5094613432884216,0.0
784.15,4.403985023498535,1.0558985471725464,-0.00438130646944046,0.9402784109115601,0.06876806914806366,0.0,-0.5622541308403015,0.48985356092453003,0.0
784.1666666666666,4.403987884521484,1.055898904800415,-0.004396364092826843,0.9400873780250549,0.2697272300720215,0.0,-0.5623012185096741,0.48238605260849,0.0
784.1833333333333,4.403989315032959,1.0558984279632568,-0.004381291568279266,0.9401818513870239,0.06217026337981224,0.0,-0.5623493790626526,0.46105027198791504,0.0
784.2,4.403992176055908,1.0558987855911255,-0.004396289587020874,0.9399849772453308,0.2778707444667816,0.0,-0.5623965263366699,0.41472506523132324,0.0
784.2166666666667,4.403992652893066,1.0558984279632568,-0.0043814778327941895,0.9400808811187744,0.06667570769786835,0.0,-0.5624446272850037,0.4184495806694031,0.0
784.2333333333333,4.403994083404541,1.0558987855911255,-0.004396185278892517,0.9399197697639465,0.2835157811641693,0.0,-0.5624920129776001,0.4084836542606354,0.0
784.25,4.403994560241699,1.0558983087539673,-0.0043815746903419495,0.9400419592857361,0.0689861848950386,0.0,-0.5625404715538025,0.4393991529941559,0.0
784.2666666666667,4.403995990753174,1.055898666381836,-0.004396267235279083,0.9398766756057739,0.2776859402656555,0.0,-0.5625880360603333,0.4591917097568512,0.0
784.2833333333333,4.40399694442749,1.0558980703353882,-0.004381246864795685,0.9399840831756592,0.06907398253679276,0.0,-0.5626364350318909,0.49650996923446655,0.0
784.3,4.403999328613281,1.0558985471725464,-0.004396475851535797,0.939796507358551,0.26975297927856445,0.0,-0.5626837015151978,0.48385581374168396,0.0
784.3166666666667,4.403999328613281,1.0558980703353882,-0.0043812096118927,0.9398989081382751,0.06783003360033035,0.0,-0.562731921672821,0.5083044767379761,0.0
784.3333333333334,4.404003143310547,1.0558984279632568,-0.004396446049213409,0.9396944642066956,0.26474127173423767,0.0,-0.5627788305282593,0.537075400352478,0.0
784.35,4.404003620147705,1.0558979511260986,-0.004381299018859863,0.9397744536399841,0.06329039484262466,0.0,-0.562826931476593,0.4903479218482971,0.0
784.3666666666667,4.4040069580078125,1.0558981895446777,-0.004396513104438782,0.9395657777786255,0.2675071656703949,0.0,-0.562873899936676,0.5009638071060181,0.0
784.3833333333333,4.404007911682129,1.055897831916809,-0.004381224513053894,0.9396519064903259,0.0705426037311554,0.0,-0.562921941280365,0.5115945935249329,0.0
784.4,4.40401029586792,1.0558979511260986,-0.004396349191665649,0.9394676089286804,0.26603996753692627,0.0,-0.5629690289497375,0.47977587580680847,0.0
784.4166666666666,4.4040117263793945,1.0558977127075195,-0.004381202161312103,0.9395723342895508,0.06210450455546379,0.0,-0.5630173683166504,0.49309220910072327,0.0
784.4333333333333,4.4040141105651855,1.0558979511260986,-0.004396393895149231,0.9393562078475952,0.2714914083480835,0.0,-0.5630640387535095,0.4812847971916199,0.0
784.45,4.404014587402344,1.0558974742889404,-0.004381351172924042,0.9394534826278687,0.06673946231603622,0.0,-0.5631122589111328,0.4840885400772095,0.0
784.4666666666667,4.404017448425293,1.055897831916809,-0.004396393895149231,0.9392589330673218,0.2697904407978058,0.0,-0.5631593465805054,0.4831866919994354,0.0
784.4833333333333,4.404017448425293,1.0558974742889404,-0.004381291568279266,0.9393617510795593,0.06543584167957306,0.0,-0.5632075667381287,0.48765861988067627,0.0
784.5,4.4040207862854,1.0558974742889404,-0.004396386444568634,0.9391639232635498,0.26877570152282715,0.0,-0.5632545351982117,0.5023748874664307,0.0
784.5166666666667,4.404021739959717,1.0558974742889404,-0.004381194710731506,0.9392468929290771,0.0716584324836731,0.0,-0.5633025765419006,0.5151281356811523,0.0
784.5333333333333,4.404024124145508,1.05589759349823,-0.0043964385986328125,0.9390659332275391,0.26720038056373596,0.0,-0.5633498430252075,0.49261465668678284,0.0
784.55,4.404025554656982,1.0558972358703613,-0.004381194710731506,0.9391748309135437,0.06386884301900864,0.0,-0.5633981227874756,0.5075644254684448,0.0
784.5666666666667,4.404027938842773,1.0558974742889404,-0.0043964385986328125,0.9389664530754089,0.2696492671966553,0.0,-0.5634451508522034,0.4556712508201599,0.0
784.5833333333334,4.40402889251709,1.0558969974517822,-0.004381343722343445,0.9390726089477539,0.0660368800163269,0.0,-0.563493549823761,0.4829409718513489,0.0
784.6,4.404031276702881,1.0558972358703613,-0.004396408796310425,0.93887859582901,0.2731253206729889,0.0,-0.5635406970977783,0.45642727613449097,0.0
784.6166666666667,4.404032230377197,1.0558969974517822,-0.004381284117698669,0.9389725923538208,0.06897146254777908,0.0,-0.5635887980461121,0.48818132281303406,0.0
784.6333333333333,4.404034614562988,1.0558968782424927,-0.004396378993988037,0.9387952089309692,0.2727569341659546,0.0,-0.5636361837387085,0.4540806710720062,0.0
784.65,4.4040350914001465,1.0558968782424927,-0.004381366074085236,0.9388813972473145,0.06862880289554596,0.0,-0.5636841058731079,0.47811511158943176,0.0
784.6666666666666,4.4040374755859375,1.0558971166610718,-0.004396289587020874,0.938701868057251,0.2736501395702362,0.0,-0.5637313723564148,0.47752368450164795,0.0
784.6833333333333,4.404038429260254,1.0558968782424927,-0.00438130646944046,0.9388206601142883,0.06524068862199783,0.0,-0.563779890537262,0.4841654300689697,0.0
784.7,4.404041767120361,1.0558968782424927,-0.004396408796310425,0.938620388507843,0.2700546085834503,0.0,-0.5638269782066345,0.47288575768470764,0.0
784.7166666666667,4.4040422439575195,1.0558964014053345,-0.00438130646944046,0.9387019872665405,0.06366494297981262,0.0,-0.5638749003410339,0.4400840103626251,0.0
784.7333333333333,4.404045104980469,1.0558967590332031,-0.004396229982376099,0.938515841960907,0.28021040558815,0.0,-0.5639219880104065,0.44323214888572693,0.0
784.75,4.404046058654785,1.0558964014053345,-0.004381462931632996,0.9386066198348999,0.07075386494398117,0.0,-0.5639702081680298,0.44445762038230896,0.0
784.7666666666667,4.40404748916626,1.0558966398239136,-0.004396170377731323,0.9384523034095764,0.28018537163734436,0.0,-0.5640177130699158,0.4352963864803314,0.0
784.7833333333333,4.404048442840576,1.0558961629867554,-0.00438140332698822,0.9385526776313782,0.07209834456443787,0.0,-0.5640658736228943,0.4691781997680664,0.0
784.8,4.404050350189209,1.0558966398239136,-0.004396267235279083,0.9383798837661743,0.27728399634361267,0.0,-0.5641132593154907,0.45995551347732544,0.0
784.8166666666667,4.404050827026367,1.0558964014053345,-0.004381366074085236,0.9384894967079163,0.06466290354728699,0.0,-0.5641614198684692,0.47372111678123474,0.0
784.8333333333334,4.404053688049316,1.055896520614624,-0.004396319389343262,0.9382936954498291,0.2716253101825714,0.0,-0.564208447933197,0.47698161005973816,0.0
784.85,4.404054164886475,1.0558961629867554,-0.00438140332698822,0.9383974075317383,0.06480374932289124,0.0,-0.5642567276954651,0.4747157096862793,0.0
784.8666666666667,4.404057025909424,1.055896282196045,-0.0043963417410850525,0.9381995797157288,0.27038607001304626,0.0,-0.5643036961555481,0.48031121492385864,0.0
784.8833333333333,4.404057025909424,1.0558959245681763,-0.004381246864795685,0.9383007287979126,0.06725764274597168,0.0,-0.5643518567085266,0.497811496257782,0.0
784.9,4.4040608406066895,1.055896282196045,-0.004396446049213409,0.9381014704704285,0.26612696051597595,0.0,-0.5643989443778992,0.5234088897705078,0.0
784.9166666666666,4.404061317443848,1.0558956861495972,-0.004381343722343445,0.9381731748580933,0.06241776794195175,0.0,-0.5644468665122986,0.4622481167316437,0.0
784.9333333333333,4.404064655303955,1.0558958053588867,-0.004396334290504456,0.9379732608795166,0.2738995850086212,0.0,-0.5644938349723816,0.48827624320983887,0.0
784.95,4.404065132141113,1.0558955669403076,-0.004381351172924042,0.9380549192428589,0.07342993468046188,0.0,-0.5645418167114258,0.4963498115539551,0.0
784.9666666666667,4.404067516326904,1.0558958053588867,-0.004396423697471619,0.9378846883773804,0.26911503076553345,0.0,-0.5645893812179565,0.48200973868370056,0.0
784.9833333333333,4.404068470001221,1.055895447731018,-0.004381187260150909,0.9379807710647583,0.06622688472270966,0.0,-0.5646376013755798,0.5046427249908447,0.0
785.0,4.40407133102417,1.0558958053588867,-0.004396446049213409,0.9377702474594116,0.26974883675575256,0.0,-0.5646844506263733,0.49365824460983276,0.0
785.0166666666667,4.404072284698486,1.0558955669403076,-0.004381299018859863,0.9378630518913269,0.0659637451171875,0.0,-0.5647326707839966,0.4983029365539551,0.0
785.0333333333333,4.404075622558594,1.0558958053588867,-0.004396431148052216,0.9376598596572876,0.2690947651863098,0.0,-0.5647796988487244,0.4751264154911041,0.0
785.05,4.404075622558594,1.0558953285217285,-0.004381231963634491,0.9377690553665161,0.061366185545921326,0.0,-0.5648279190063477,0.46034857630729675,0.0
785.0666666666667,4.404078960418701,1.0558955669403076,-0.004396326839923859,0.9375647306442261,0.2700403332710266,0.0,-0.5648747086524963,0.49418482184410095,0.0
785.0833333333334,4.404079437255859,1.055895209312439,-0.004381388425827026,0.9376441240310669,0.06418634206056595,0.0,-0.5649226903915405,0.4502990245819092,0.0
785.1,4.404082298278809,1.0558953285217285,-0.004396334290504456,0.9374508261680603,0.2744264304637909,0.0,-0.5649698376655579,0.4840846061706543,0.0
785.1166666666667,4.404083251953125,1.0558949708938599,-0.00438140332698822,0.9375370740890503,0.07178567349910736,0.0,-0.5650179386138916,0.4980071783065796,0.0
785.1333333333333,4.404085636138916,1.055895209312439,-0.004396408796310425,0.9373599290847778,0.26919853687286377,0.0,-0.565065324306488,0.4782719910144806,0.0
785.15,4.404087066650391,1.0558949708938599,-0.004381254315376282,0.9374496936798096,0.06626325845718384,0.0,-0.5651134848594666,0.48606008291244507,0.0
785.1666666666666,4.40408992767334,1.055895209312439,-0.004396386444568634,0.9372631907463074,0.2741085886955261,0.0,-0.5651607513427734,0.45553523302078247,0.0
785.1833333333333,4.404090404510498,1.0558949708938599,-0.004381455481052399,0.9373476505279541,0.06638596951961517,0.0,-0.565208911895752,0.435045063495636,0.0
785.2,4.404092311859131,1.0558949708938599,-0.0043962448835372925,0.937176525592804,0.2797314524650574,0.0,-0.5652563571929932,0.44014883041381836,0.0
785.2166666666667,4.404092788696289,1.0558946132659912,-0.004381544888019562,0.9372845888137817,0.06938602775335312,0.0,-0.5653047561645508,0.46659013628959656,0.0
785.2333333333333,4.404095649719238,1.0558948516845703,-0.004396393895149231,0.9371050000190735,0.271089106798172,0.0,-0.5653519630432129,0.4799308180809021,0.0
785.25,4.404096603393555,1.0558944940567017,-0.0043812766671180725,0.9371866583824158,0.0630202367901802,0.0,-0.5653999447822571,0.4553588628768921,0.0
785.2666666666667,4.404099941253662,1.0558948516845703,-0.004396289587020874,0.9369878172874451,0.2758512794971466,0.0,-0.5654469728469849,0.4636766314506531,0.0
785.2833333333333,4.40410041809082,1.055894374847412,-0.004381448030471802,0.9370840191841125,0.06529438495635986,0.0,-0.5654951930046082,0.4456174075603485,0.0
785.3,4.4041032791137695,1.0558946132659912,-0.0043962448835372925,0.9369000792503357,0.2777339220046997,0.0,-0.5655423998832703,0.4398643374443054,0.0
785.3166666666667,4.4041032791137695,1.0558942556381226,-0.00438150018453598,0.9369848370552063,0.06663206219673157,0.0,-0.565590500831604,0.43056485056877136,0.0
785.3333333333334,4.4041056632995605,1.0558946132659912,-0.004396222531795502,0.9368162155151367,0.2789849638938904,0.0,-0.56563800573349,0.4644814431667328,0.0
785.35,4.404106616973877,1.055894136428833,-0.004381448030471802,0.9369142055511475,0.06867435574531555,0.0,-0.5656861662864685,0.4696805775165558,0.0
785.3666666666667,4.40410852432251,1.055894374847412,-0.004396334290504456,0.9367318749427795,0.2741188704967499,0.0,-0.5657333731651306,0.4573076367378235,0.0
785.3833333333333,4.404109001159668,1.0558940172195435,-0.004381351172924042,0.9368387460708618,0.06759948283433914,0.0,-0.5657817125320435,0.4888743758201599,0.0
785.4,4.404111385345459,1.0558942556381226,-0.004396393895149231,0.9366475939750671,0.2710855305194855,0.0,-0.5658288598060608,0.48164358735084534,0.0
785.4166666666666,4.404112339019775,1.0558937788009644,-0.0043811798095703125,0.9367474913597107,0.07068393379449844,0.0,-0.5658770799636841,0.5264889597892761,0.0
785.4333333333333,4.404115200042725,1.055894136428833,-0.004396483302116394,0.9365501403808594,0.26389607787132263,0.0,-0.5659241080284119,0.5042645931243896,0.0
785.45,4.404116153717041,1.0558936595916748,-0.004381172358989716,0.9366497993469238,0.0629228800535202,0.0,-0.5659723877906799,0.5010316967964172,0.0
785.4666666666667,4.40411901473999,1.055893898010254,-0.004396408796310425,0.9364262223243713,0.267339289188385,0.0,-0.5660191774368286,0.49259883165359497,0.0
785.4833333333333,4.404119491577148,1.0558935403823853,-0.004381135106086731,0.9365249872207642,0.07174784690141678,0.0,-0.5660673379898071,0.5397416949272156,0.0
785.5,4.404122829437256,1.055893898010254,-0.004396557807922363,0.9363268613815308,0.2624293565750122,0.0,-0.5661143660545349,0.5231029391288757,0.0
785.5166666666667,4.404123306274414,1.0558933019638062,-0.0043811798095703125,0.9364153146743774,0.06430090218782425,0.0,-0.5661622881889343,0.509113609790802,0.0
785.5333333333333,4.4041266441345215,1.055893898010254,-0.004396490752696991,0.9361945986747742,0.26674965023994446,0.0,-0.5662090182304382,0.531154215335846,0.0
785.55,4.404128074645996,1.0558933019638062,-0.004381239414215088,0.9363003969192505,0.06484899669885635,0.0,-0.5662572979927063,0.5040203928947449,0.0
785.5666666666667,4.404130935668945,1.0558936595916748,-0.004396520555019379,0.9360865354537964,0.26573413610458374,0.0,-0.5663041472434998,0.4827890694141388,0.0
785.5833333333334,4.404130935668945,1.055893063545227,-0.004381172358989716,0.9361823201179504,0.06121310591697693,0.0,-0.5663522481918335,0.4598836302757263,0.0
785.6,4.404134273529053,1.0558935403823853,-0.004396326839923859,0.935973584651947,0.27176645398139954,0.0,-0.5663989782333374,0.5155851244926453,0.0
785.6166666666667,4.404134750366211,1.0558931827545166,-0.004381246864795685,0.9360722899436951,0.07114781439304352,0.0,-0.5664472579956055,0.5117942094802856,0.0
785.6333333333333,4.404138088226318,1.0558933019638062,-0.004396423697471619,0.9358848929405212,0.2670058310031891,0.0,-0.5664944648742676,0.47384488582611084,0.0
785.65,4.404138565063477,1.055892825126648,-0.004381328821182251,0.9359801411628723,0.05905955657362938,0.0,-0.5665426254272461,0.44028815627098083,0.0
785.6666666666666,4.404140949249268,1.0558933019638062,-0.004396215081214905,0.9357723593711853,0.27919840812683105,0.0,-0.5665894746780396,0.44872042536735535,0.0
785.6833333333333,4.404142379760742,1.0558927059173584,-0.00438140332698822,0.935886561870575,0.07277645915746689,0.0,-0.5666379928588867,0.48889005184173584,0.0
785.7,4.404144287109375,1.0558931827545166,-0.004396423697471619,0.9357089996337891,0.2697101831436157,0.0,-0.5666853785514832,0.45639094710350037,0.0
785.7166666666667,4.404145240783691,1.055892825126648,-0.004381150007247925,0.9358130693435669,0.06454752385616302,0.0,-0.5667335391044617,0.4858086109161377,0.0
785.7333333333333,4.404147624969482,1.0558931827545166,-0.004396304488182068,0.9356202483177185,0.27479520440101624,0.0,-0.566780686378479,0.46080541610717773,0.0
785.75,4.404148101806641,1.0558924674987793,-0.004381418228149414,0.9357149004936218,0.06827154755592346,0.0,-0.5668287873268127,0.45903563499450684,0.0
785.7666666666667,4.40415096282959,1.055892825126648,-0.0043963417410850525,0.9355341792106628,0.2750283479690552,0.0,-0.5668760538101196,0.48442769050598145,0.0
785.7833333333333,4.40415096282959,1.0558927059173584,-0.004381284117698669,0.9356238842010498,0.06602700054645538,0.0,-0.5669240355491638,0.45498788356781006,0.0
785.8,4.404153823852539,1.055892825126648,-0.004396297037601471,0.9354416131973267,0.27264100313186646,0.0,-0.5669713616371155,0.4974484145641327,0.0
785.8166666666667,4.4041547775268555,1.0558924674987793,-0.004381291568279266,0.9355297684669495,0.06978235393762589,0.0,-0.567019522190094,0.487359881401062,0.0
785.8333333333334,4.4041571617126465,1.0558924674987793,-0.004396378993988037,0.9353518486022949,0.27028268575668335,0.0,-0.5670667886734009,0.49939319491386414,0.0
785.85,4.404157638549805,1.0558923482894897,-0.004381313920021057,0.93545001745224,0.06737744808197021,0.0,-0.567115068435669,0.49316853284835815,0.0
785.8666666666667,4.404160499572754,1.0558923482894897,-0.004396423697471619,0.9352493286132812,0.26920047402381897,0.0,-0.567162036895752,0.49856269359588623,0.0
785.8833333333333,4.404160976409912,1.055891990661621,-0.004381202161312103,0.9353505969047546,0.06570104509592056,0.0,-0.5672102570533752,0.4977172613143921,0.0
785.9,4.4041643142700195,1.0558923482894897,-0.004396483302116394,0.935139000415802,0.2657650411128998,0.0,-0.567257285118103,0.5267454981803894,0.0
