t,x,y,v,omega
781.616666666,-0.03868483254589891,0.006110712477845688,-0.00010300393183001649,6.310272753513423e-06
781.633333333,-0.03868370594090134,0.006110430644629758,-0.00010457011834597532,2.0412398867258484e-05
781.666666666,-0.03868650384943522,0.0061111305714399156,-9.984598822345148e-05,-2.1016027678186027e-05
781.716666666,-0.038694780782495206,0.006113201125149902,-0.00010010808481150577,-1.8876015725454373e-05
781.733333333,-0.03869427897777884,0.006113075594535817,-0.00010236147561507585,1.1248596381726066e-06
781.766666666,-0.0386971342528409,0.006113789860793296,-0.00010277060187162133,4.417184653940668e-06
781.816666666,-0.038704002414222005,0.006115507988268766,-9.708758216505354e-05,-4.524205376405275e-05
781.833333333,-0.03870260811388051,0.006115159177187266,-9.543189927685569e-05,-6.011238908167147e-05
781.866666666,-0.03870568818279046,0.006115929722220696,-9.717707869124052e-05,-4.3595889782242466e-05
781.916666666,-0.038713514458898264,0.006117887602418213,-9.535998267383363e-05,-5.952251301053717e-05
781.933333333,-0.03871253720876316,0.006117643122775016,-9.241938758262108e-05,-8.498316093546878e-05
781.966666666,-0.038715645702063387,0.006118420774803042,-9.398557403448667e-05,-7.088103537057568e-05
782.016666666,-0.03872356758667886,0.0061204025635639816,-9.842683157422045e-05,-3.1770955491044984e-05
782.033333333,-0.0387224559708926,0.006120124470455124,-0.00010017520713374217,-1.632446326971877e-05
782.066666666,-0.038726077121047066,0.0061210303699192736,-0.00010352173218571875,1.2840050331365365e-05
782.116666666,-0.038733468267723545,0.00612287935997586,-0.00010256923502772187,4.773853230872218e-06
782.133333333,-0.038733022794202994,0.006122767917241328,-0.00010585822671127654,3.366400653356635e-05
782.166666666,-0.038736583484351446,0.006123658672510091,-0.00010865498847711341,5.789003365311652e-05
782.216666666,-0.038744389626875285,0.006125611425687801,-0.00010805887870769492,5.2663467416590344e-05
782.233333333,-0.03874330539844916,0.006125340194792125,-0.00010822828255535292,5.389808935249371e-05
782.266666666,-0.03874685317168494,0.006126227706558385,-0.00010777440817809312,5.0002171964291365e-05
782.316666666,-0.03875409601405279,0.006128039533763044,-0.0001071878872996143,4.4089704602139524e-05
782.333333333,-0.03875303194097273,0.006127773342894924,-0.00010336191738208856,1.0151319383986833e-05
782.366666666,-0.038755702200652976,0.006128441342849108,-9.785469406298046e-05,-3.8437913876482645e-05
782.416666666,-0.0387633450227534,0.006130353300613764,-9.693256179535634e-05,-4.668244481736576e-05
782.433333333,-0.038762226688351935,0.006130073528161346,-9.672160606057809e-05,-4.827373531295597e-05
782.466666666,-0.038765017355659036,0.006130771669612445,-9.203902791457544e-05,-8.890651581567355e-05
782.516666666,-0.03877313975679332,0.006132803613514585,-9.671840969120019e-05,-4.72037302251734e-05
782.533333333,-0.03877253459503372,0.006132652221791655,-9.955672321395536e-05,-2.2182058989319392e-05
782.566666666,-0.03877507152089268,0.006133286873848975,-9.873207805095028e-05,-2.88215815537366e-05
782.616666666,-0.03878291020217611,0.0061352478480634146,-0.00010036538683333486,-1.4692019516623809e-05
782.633333333,-0.03878210711006251,0.00613504693877768,-0.00010231512923077159,2.482943415598967e-06
782.666666666,-0.03874599519516732,0.006126015706784311,0.00013828948982256336,0.0008136021664540128
782.716666666,-0.038386037273167334,0.0060361455367736105,0.0015385689355316497,0.003152634610964611
782.733333333,-0.038153071976519834,0.005978081745712968,0.0029753788563739295,0.005166138372366074
782.766666666,-0.03752094243779843,0.005820839796122074,0.006899427335357059,0.008763195785562857
782.816666666,-0.036213947076409556,0.005496725436941589,0.012205126362480296,0.01193714132847487
782.833333333,-0.03565672441023962,0.005358862037790303,0.015644302547651624,0.013929354720478227
782.866666666,-0.03438321458000323,0.005044515455435438,0.023291350682668067,0.017029037745966327
782.916666666,-0.03211012773240544,0.004485165188765159,0.031171945476982942,0.01808199536874061
782.933333333,-0.03131954370084094,0.004291027720466476,0.03461582181987508,0.01710962084994739
782.966666666,-0.029751085736185328,0.003906386131815239,0.04039706389758641,0.016097285686128053
783.016666666,-0.027405812694847532,0.003332657771611538,0.044771492541993106,0.015736562371136898
783.033333333,-0.0266175447523986,0.003140171605604573,0.046195924145686025,0.014935147409377725
783.066666666,-0.025049183969348146,0.0027577183225883173,0.04801144599772166,0.013627449564996934
783.116666666,-0.022702128308860155,0.002186791652423101,0.048421315411897474,0.012955801503844813
783.133333333,-0.021913799600813837,0.001995379826552006,0.04840429032520922,0.013105012423824456
783.166666666,-0.02034491200735317,0.0016149690267095874,0.04840078078832126,0.013136893111208922
783.216666666,-0.017997437911845316,0.001047183817970827,0.0484087218682389,0.013066753939860995
783.233333333,-0.017208919081850706,0.0008568175887761484,0.04840718349951277,0.013079519844941842
783.266666666,-0.01563948723996169,0.0004784469875213967,0.048407656551867205,0.01307611777471685
783.316666666,-0.013291062127166397,-8.63197789597602e-05,0.048407982973905764,0.013073425613274427
783.333333333,-0.012502359508081224,-0.0002756403072735517,0.048407219058408654,0.013080202315893652
783.366666666,-0.010932173860918146,-0.0006520239157656707,0.04840912724896006,0.013063822997829586
783.416666666,-0.008582911511517882,-0.0012137538759438115,0.0484105080501665,0.013052080371273745
783.433333333,-0.007793856168933509,-0.001402072178949337,0.0484107701466855,0.01305037933660621
783.466666666,-0.006223432261121081,-0.0017763475437715954,0.04841083087641189,0.013050187283599057
783.516666666,-0.00387341568163339,-0.002335017410971696,0.04841154684739252,0.013043712377432386
783.533333333,-0.0030841163710652007,-0.002522305922770934,0.048412198892424194,0.01303778619214693
783.566666666,-0.0015131776603063535,-0.002894539383403459,0.048410821287556846,0.013050159847484286
783.616666666,0.0008374880045916164,-0.0034501245231573327,0.04841054480765773,0.013053026913992979
783.633333333,0.0016269865057023918,-0.003636372147903235,0.04841026353334465,0.013055660774123193
783.666666666,0.003128165192223525,-0.00399005454837495,0.047977497406218664,0.012464688373257402
783.716666666,0.004865356927405906,-0.004398800687147555,0.04564648443749813,0.0109814135672514
783.733333333,0.005275337375144722,-0.0044951821099098455,0.04330613512300201,0.009581023059280967
783.766666666,0.005835864114157495,-0.004626956810404639,0.0370743618774468,0.007223718175690165
783.816666666,0.006123241070007304,-0.004694482822283225,0.028780892734808012,0.005400702842005519
783.833333333,0.006122980725444344,-0.004694421698325807,0.023912270901695003,0.0042554675341477345
783.866666666,0.00611800304835823,-0.004693253095027637,0.014627910577285866,0.002364630279496669
783.916666666,0.006106024988683571,-0.004690441482382067,0.007245658369362547,0.0013257096118758007
783.933333333,0.006107081940256271,-0.004690689567647447,0.0047252295685214895,0.0015107931581074107
783.966666666,0.006102298166785733,-0.004689566751145897,0.0012408991781076247,0.0013767406439030795
784.016666666,0.00609451880403616,-0.004687740946157655,-0.0001537771418909587,0.0004565083050165511
784.033333333,0.006095334080675445,-0.004687932292978369,-0.0001471480177397451,0.000396423370796111
784.066666666,0.00609273058833478,-0.004687321252394322,-0.0001325153606737496,0.0002670898622909516
784.116666666,0.006084540477257191,-0.004685399036274298,-0.00011026911951596105,7.1251386908254e-05
784.133333333,0.006085214688353015,-0.004685557274165837,-0.00011262798818695408,9.116995414299052e-05
784.166666666,0.006081876824304371,-0.004684773877013321,-0.00010371670648487542,1.2702870601722466e-05
784.216666666,0.006074833903296652,-0.004683120934490035,-0.00010166148614554388,-5.2677382274064465e-06
784.233333333,0.006076116977385822,-0.00468342207971209,-9.877842443658708e-05,-3.045402572239048e-05
784.266666666,0.006073439845664514,-0.004682793732457847,-9.923229904323168e-05,-2.6887338848573466e-05
784.316666666,0.006065921887366896,-0.004681029198405796,-9.555655516542435e-05,-5.9261869736323015e-05
784.333333333,0.0060664768135133265,-0.004681159446531338,-9.62917039382365e-05,-5.2622347324058944e-05
784.366666666,0.006062690866812972,-0.004680270846188067,-9.905330633768467e-05,-2.84786289964159e-05
784.416666666,0.006055072282566704,-0.004678482753171198,-0.00010014963697241727,-1.8519344734852677e-05
784.433333333,0.006055925936674862,-0.0046786831103671584,-0.0001027961725544862,4.636675576544539e-06
784.466666666,0.006052671056071429,-0.004677919173232091,-0.00010635684968221854,3.640761365916116e-05
784.516666666,0.006045047283110973,-0.004676129873546238,-0.0001072166541102707,4.417201377636612e-05
784.533333333,0.006046102163044307,-0.004676377459756331,-0.00010413542186252812,1.739443578530023e-05
784.566666666,0.00604266265272311,-0.004675570188088827,-0.00010200029399581946,-1.701051284618677e-06
784.616666666,0.006035353166970168,-0.004673854646866207,-0.00010157198988373418,-5.926202304370905e-06
784.633333333,0.0060360190792785534,-0.004674010940643135,-0.00010272905012613152,4.554366130197119e-06
784.666666666,0.006033295269061873,-0.004673371648438867,-9.945603983698377e-05,-2.4418096199658837e-05
784.716666666,0.00602551799112829,-0.004671546286364641,-0.00010006653295833953,-1.9122939801720123e-05
784.733333333,0.0060262585849540275,-0.004671720109424793,-0.00010200349015970325,-2.3869535577173253e-06
784.766666666,0.006023655097681342,-0.004671109047247706,-9.685105618779962e-05,-4.7052831266249895e-05
784.816666666,0.00601666717525836,-0.004669468903028022,-9.473510624592428e-05,-6.538010796194219e-05
784.833333333,0.006017631811815166,-0.00466969532169609,-9.28940380149459e-05,-8.184173377481957e-05
784.866666666,0.006014293961973697,-0.0046689118640127715,-9.66784561565899e-05,-4.8150271948476946e-05
784.916666666,0.006006124617856045,-0.004666994423003111,-9.783232013788903e-05,-3.8136115916716095e-05
784.933333333,0.006006710661470953,-0.00466713197427414,-9.878481724352381e-05,-2.9521198407507218e-05
784.966666666,0.00600375347506449,-0.004666437887926409,-0.00010096469319764664,-1.1029305177106207e-05
785.016666666,0.005995696143112171,-0.004664546783919211,-0.00010625456810180562,3.531017182181744e-05
785.033333333,0.005996757245612608,-0.004664795834706274,-0.00010566005648549853,3.031681199078646e-05
785.066666666,0.005992933957712986,-0.0046638984715985385,-0.0001086517924997293,5.6655414504301636e-05
785.116666666,0.0059855062253819456,-0.0046621551792663495,-0.00010605000504458461,3.366400992674014e-05
785.133333333,0.0059862302236095,-0.004662325105675208,-0.00010519978950733629,2.603678996627183e-05
785.166666666,0.005982793825139596,-0.004661518563877142,-0.00010815316986914346,5.204615939800666e-05
785.216666666,0.005976081796363483,-0.004659943236306716,-0.00010192677933148014,-2.825927189166931e-06
785.233333333,0.005976667840192247,-0.004660080786666618,-0.00010485458922662486,2.2744464908110054e-05
785.266666666,0.005973224183155969,-0.004659272531529058,-0.00010251489824307755,1.783327097021575e-06
785.316666666,0.005966078587584546,-0.00465759543288524,-0.00010114688225494966,-1.017878775864225e-05
785.333333333,0.005966945724829796,-0.0046577989594610535,-0.00010026470372762285,-1.7751135632087145e-05
785.366666666,0.005963969867687857,-0.0046571004923098855,-9.742639006176835e-05,-4.233383142831231e-05
785.416666666,0.0059564695423015125,-0.004655340098074203,-0.00010091355232519474,-1.1523154750724762e-05
785.433333333,0.00595736364725634,-0.004655549957293995,-9.901495071198768e-05,-2.8368885166670854e-05
785.466666666,0.005953539324434202,-0.004654652340836318,-0.000101361034169844,-7.682108866913467e-06
785.516666666,0.005945324323475909,-0.004652724264755998,-0.00010540754879554063,2.825910817444766e-05
785.533333333,0.00594632526707298,-0.004652959189585429,-0.0001045829036503707,2.096112072942759e-05
785.566666666,0.005942618144880654,-0.004652089117863817,-0.0001090896853273069,6.074338373788343e-05
785.616666666,0.00593496739273775,-0.004650293534417199,-0.00011047368278569311,7.317191110206986e-05
785.633333333,0.005935786818939183,-0.004650485852577551,-0.00011093394984343743,7.734218964154413e-05
785.666666666,0.005932498740575652,-0.004649714150106245,-0.00010762897656802091,4.820511107998303e-05
785.716666666,0.005925381137379931,-0.004648043681157419,-0.00010316374677906551,8.614900388099e-06
785.733333333,0.005926191227726278,-0.0046482338109925395,-0.00010433998481555679,1.9040596736918696e-05
785.766666666,0.005922949829580664,-0.004647473046131471,-0.00010146970834099698,-6.1456904154884525e-06
785.816666666,0.005915731618405922,-0.004645778941654421,-9.874965788344743e-05,-3.053633264635669e-05
785.833333333,0.00591659979400455,-0.004645982706962888,-9.84492057763246e-05,-3.333480903378848e-05
785.866666666,0.005913213182724054,-0.004645187853436394,-9.905650266996675e-05,-2.779272761212416e-05
