t,left_q,left_v,right_q,right_v
781.616666666,-0.30042681097984314,0.2802160382270813,-1.89798104763031,0.42135536670684814
781.633333333,-0.30031368136405945,0.07081315666437149,-1.8980292081832886,0.42554348707199097
781.65,-0.30051538348197937,0.2854328453540802,-1.8980764150619507,0.4241926372051239
781.666666666,-0.30037906765937805,0.07680121809244156,-1.898125171661377,0.4611040949821472
781.683333333,-0.30057981610298157,0.2723674476146698,-1.89817214012146,0.4940996468067169
781.716666666,-0.3007144033908844,0.2807084321975708,-1.898267149925232,0.46235761046409607
781.733333333,-0.30063754320144653,0.07270748913288116,-1.8983150720596313,0.3997472822666168
781.75,-0.3008185923099518,0.28924763202667236,-1.898362398147583,0.4403742551803589
781.766666666,-0.3007064759731293,0.07585783302783966,-1.8984107971191406,0.4261266887187958
781.783333333,-0.3008844554424286,0.2839842438697815,-1.8984580039978027,0.43441519141197205
781.816666666,-0.30095985531806946,0.2868579030036926,-1.898553490638733,0.385814368724823
781.833333333,-0.3008309304714203,0.07358426600694656,-1.89860200881958,0.4300118684768677
781.85,-0.3010251224040985,0.2842503786087036,-1.8986490964889526,0.44691434502601624
781.866666666,-0.30091342329978943,0.0751170888543129,-1.8986971378326416,0.4380642771720886
781.883333333,-0.30110615491867065,0.28016990423202515,-1.8987442255020142,0.46721458435058594
781.916666666,-0.3012225329875946,0.2804296612739563,-1.8988393545150757,0.4463970959186554
781.933333333,-0.3011181354522705,0.06719931960105896,-1.8988873958587646,0.3999852240085602
781.95,-0.3013240694999695,0.28539153933525085,-1.8989343643188477,0.4656195342540741
781.966666666,-0.30120202898979187,0.0777309238910675,-1.8989827632904053,0.4698314368724823
781.983333333,-0.3014023005962372,0.27212998270988464,-1.8990297317504883,0.4734835624694824
782.016666666,-0.3015170097351074,0.2723003327846527,-1.8991246223449707,0.44964516162872314
782.033333333,-0.3014046251773834,0.06472563743591309,-1.8991729021072388,0.42830076813697815
782.05,-0.30163252353668213,0.2820111811161041,-1.8992196321487427,0.4376685917377472
782.066666666,-0.3015185594558716,0.07261691242456436,-1.8992677927017212,0.41673019528388977
782.083333333,-0.30171874165534973,0.28310471773147583,-1.8993147611618042,0.4490378201007843
782.116666666,-0.3018025755882263,0.27350902557373047,-1.8994100093841553,0.5073869824409485
782.133333333,-0.3017292022705078,0.06824289262294769,-1.8994576930999756,0.42476320266723633
782.15,-0.30194100737571716,0.2806181013584137,-1.8995046615600586,0.4674599766731262
782.166666666,-0.30183929204940796,0.0791654884815216,-1.8995529413223267,0.47842374444007874
782.183333333,-0.30203524231910706,0.2733786404132843,-1.8995997905731201,0.45597168803215027
782.216666666,-0.30214735865592957,0.27803024649620056,-1.8996950387954712,0.47361332178115845
782.233333333,-0.30203643441200256,0.07130619883537292,-1.8997434377670288,0.44834181666374207
782.25,-0.30224716663360596,0.27746063470840454,-1.8997902870178223,0.4286024868488312
782.266666666,-0.30214613676071167,0.07072091847658157,-1.8998383283615112,0.4158267676830292
782.283333333,-0.30234357714653015,0.28697681427001953,-1.899885654449463,0.457477331161499
782.316666666,-0.3024210035800934,0.2857913672924042,-1.899981141090393,0.4318592846393585
782.333333333,-0.30231136083602905,0.07485842704772949,-1.9000294208526611,0.4210585057735443
782.35,-0.3024901747703552,0.2874850630760193,-1.9000768661499023,0.4378381073474884
782.366666666,-0.3023693859577179,0.07937461137771606,-1.9001253843307495,0.4620335102081299
782.383333333,-0.30255720019340515,0.27886155247688293,-1.9001725912094116,0.44134435057640076
782.416666666,-0.302668035030365,0.2861414849758148,-1.900267481803894,0.45033136010169983
782.433333333,-0.30255526304244995,0.08192883431911469,-1.900315761566162,0.4723377227783203
782.45,-0.30273643136024475,0.27367323637008667,-1.9003629684448242,0.44879424571990967
782.466666666,-0.302621066570282,0.059672385454177856,-1.9004108905792236,0.4060213565826416
782.483333333,-0.30285587906837463,0.2825104594230652,-1.9004573822021484,0.4446975588798523
782.516666666,-0.3029474914073944,0.2882063686847687,-1.9005528688430786,0.4878958761692047
782.533333333,-0.302864670753479,0.07735344767570496,-1.900600790977478,0.4275948703289032
782.55,-0.3030388057231903,0.28297480940818787,-1.9006479978561401,0.4362910985946655
782.566666666,-0.3029152452945709,0.07516395300626755,-1.9006965160369873,0.4675810933113098
782.583333333,-0.30312246084213257,0.27752113342285156,-1.9007434844970703,0.4652775228023529
782.616666666,-0.3032250702381134,0.2769254446029663,-1.9008387327194214,0.4317673444747925
782.633333333,-0.30313071608543396,0.06205255910754204,-1.9008867740631104,0.37726646661758423
782.65,-0.30333980917930603,0.2892751395702362,-1.9009337425231934,0.46264058351516724
782.666666666,-0.3025153577327728,0.3415970802307129,-1.8994196653366089,0.9534692764282227
782.683333333,-0.30098530650138855,0.4605666995048523,-1.8963426351547241,1.9018909931182861
782.716666666,-0.29409119486808777,0.5910195112228394,-1.8870881795883179,2.3667166233062744
782.733333333,-0.28840354084968567,0.14010436832904816,-1.87934410572052,2.5020592212677
782.75,-0.2809547781944275,0.7083855867385864,-1.8700445890426636,3.4483842849731445
782.766666666,-0.2721138298511505,0.3883475661277771,-1.8591922521591187,0.7073767781257629
782.783333333,-0.26161980628967285,0.9165735840797424,-1.846785068511963,3.6822140216827393
782.816666666,-0.2371021956205368,0.9428799152374268,-1.8188705444335938,3.1169416904449463
782.833333333,-0.22205640375614166,0.7872137427330017,-1.8018031120300293,2.624837875366211
782.85,-0.20624922215938568,1.3744367361068726,-1.7831698656082153,2.2268269062042236
782.866666666,-0.18747398257255554,0.9142267107963562,-1.7630019187927246,2.4469821453094482
782.883333333,-0.167847141623497,1.3902390003204346,-1.7412678003311157,4.032330513000488
782.916666666,-0.12481164187192917,1.5165330171585083,-1.6947050094604492,2.9911158084869385
782.933333333,-0.1025405004620552,1.0511783361434937,-1.671433687210083,3.2142720222473145
782.95,-0.08088567852973938,1.2964762449264526,-1.6481523513793945,3.175687789916992
782.966666666,-0.05874878913164139,1.0894235372543335,-1.6248794794082642,2.492408275604248
782.983333333,-0.03729746863245964,1.519572138786316,-1.6015948057174683,3.6514780521392822
783.016666666,0.006484596524387598,1.5332366228103638,-1.555039882659912,2.7644503116607666
783.033333333,0.028606362640857697,1.058698296546936,-1.5317670106887817,3.126166820526123
783.05,0.050340503454208374,1.2330820560455322,-1.5084867477416992,2.9984076023101807
783.066666666,0.0723629966378212,1.1013795137405396,-1.4852120876312256,2.4863626956939697
783.083333333,0.09390989691019058,1.5058324337005615,-1.4619282484054565,3.7096986770629883
783.116666666,0.13765648007392883,1.5295276641845703,-1.4153728485107422,2.7904484272003174
783.133333333,0.15976721048355103,1.0585508346557617,-1.3920998573303223,3.1213035583496094
783.15,0.18148411810398102,1.2833584547042847,-1.368819236755371,2.9657223224639893
783.166666666,0.20352524518966675,1.1045830249786377,-1.345544695854187,2.4674742221832275
783.183333333,0.22508490085601807,1.5017448663711548,-1.3222613334655762,3.735330104827881
783.216666666,0.2688005268573761,1.532691478729248,-1.2757059335708618,2.7636303901672363
783.233333333,0.29090818762779236,1.0599079132080078,-1.2524333000183105,3.113409996032715
783.25,0.3126305043697357,1.2846533060073853,-1.2291524410247803,2.949091911315918
783.266666666,0.3346688747406006,1.1053358316421509,-1.2058780193328857,2.461350679397583
783.283333333,0.35622841119766235,1.5020370483398438,-1.1825941801071167,3.725908041000366
783.316666666,0.399955689907074,1.5257878303527832,-1.1360386610031128,2.813328742980957
783.333333333,0.42205917835235596,1.0592015981674194,-1.1127655506134033,3.114511728286743
783.35,0.44378724694252014,1.2913357019424438,-1.089484691619873,2.9648184776306152
783.366666666,0.46583500504493713,1.1056634187698364,-1.066210389137268,2.459895133972168
783.383333333,0.4874022305011749,1.5008175373077393,-1.0429269075393677,3.7276344299316406
783.416666666,0.5311283469200134,1.528545618057251,-0.9963716268539429,2.7958881855010986
783.433333333,0.5532381534576416,1.0583438873291016,-0.9730986952781677,3.122551202774048
783.45,0.5749484896659851,1.3168046474456787,-0.949817419052124,2.9622316360473633
783.466666666,0.5969992280006409,1.1052452325820923,-0.9265432357788086,2.462161064147949
783.483333333,0.6185650825500488,1.500984787940979,-0.9032596349716187,3.725001811981201
783.516666666,0.6622934341430664,1.5229593515396118,-0.8567039966583252,2.8331007957458496
783.533333333,0.6844031810760498,1.0558431148529053,-0.83343106508255,3.1527843475341797
783.55,0.7061169743537903,1.3182811737060547,-0.8101498484611511,2.965571880340576
783.566666666,0.728165864944458,1.105061650276184,-0.7868756055831909,2.455537796020508
783.583333333,0.7497309446334839,1.5012593269348145,-0.763592004776001,3.721348285675049
783.616666666,0.7934556603431702,1.529774785041809,-0.7170364260673523,2.7845299243927
783.633333333,0.8155627250671387,1.059795618057251,-0.6937633752822876,3.1109390258789062
783.65,0.8372958898544312,1.2460167407989502,-0.6704826951026917,2.9801273345947266
783.666666666,0.8576272130012512,0.9915608167648315,-0.6495464444160461,2.6214587688446045
783.683333333,0.8756929039955139,1.1610629558563232,-0.6309375166893005,3.5016469955444336
783.716666666,0.9062983989715576,1.12559175491333,-0.5983781218528748,3.458325147628784
783.733333333,0.918258011341095,0.9519534111022949,-0.5867764949798584,4.312108039855957
783.75,0.927314043045044,0.8252312541007996,-0.5774993896484375,4.127305030822754
783.766666666,0.9342484474182129,0.7474938035011292,-0.5705538988113403,2.6692769527435303
783.783333333,0.9384382963180542,0.561843752861023,-0.5659377574920654,2.480090618133545
783.816666666,0.9415653347969055,0.2803052067756653,-0.5613558888435364,0.7731702327728271
783.833333333,0.9415968656539917,0.019812751561403275,-0.5614023804664612,0.5113264918327332
783.85,0.9413041472434998,0.19097678363323212,-0.5614482760429382,0.5328912138938904
783.866666666,0.9414045810699463,0.01693723537027836,-0.5614961385726929,0.5053532719612122
783.883333333,0.9409868717193604,0.2564620077610016,-0.5615403652191162,0.5125716328620911
783.916666666,0.9408555030822754,0.24623344838619232,-0.5616353750228882,0.4830850660800934
783.933333333,0.9409643411636353,0.050078462809324265,-0.5616834759712219,0.4930065870285034
783.95,0.9406980276107788,0.26472675800323486,-0.5617296099662781,0.49074679613113403
783.966666666,0.9407836198806763,0.0674535408616066,-0.561777651309967,0.4924696683883667
783.983333333,0.9405907392501831,0.267240047454834,-0.5618247985839844,0.49245956540107727
784.016666666,0.9404788613319397,0.27393990755081177,-0.5619199275970459,0.4850499629974365
784.033333333,0.9405739307403564,0.06844644248485565,-0.5619681477546692,0.48703277111053467
784.05,0.9403896927833557,0.26928529143333435,-0.5620153546333313,0.4869823455810547
784.066666666,0.9405201077461243,0.06385952234268188,-0.5620639324188232,0.5165817141532898
784.083333333,0.9403021931648254,0.2652698755264282,-0.5621107816696167,0.48804977536201477
784.116666666,0.940191388130188,0.2715977430343628,-0.5622058510780334,0.5094613432884216
784.133333333,0.9402784109115601,0.06876806914806366,-0.5622541308403015,0.48985356092453003
784.15,0.9400873780250549,0.2697272300720215,-0.5623012185096741,0.48238605260849
784.166666666,0.9401818513870239,0.06217026337981224,-0.5623493790626526,0.46105027198791504
784.183333333,0.9399849772453308,0.2778707444667816,-0.5623965263366699,0.41472506523132324
784.216666666,0.9399197697639465,0.2835157811641693,-0.5624920129776001,0.4084836542606354
784.233333333,0.9400419592857361,0.0689861848950386,-0.5625404715538025,0.4393991529941559
784.25,0.9398766756057739,0.2776859402656555,-0.5625880360603333,0.4591917097568512
784.266666666,0.9399840831756592,0.06907398253679276,-0.5626364350318909,0.49650996923446655
784.283333333,0.939796507358551,0.26975297927856445,-0.5626837015151978,0.48385581374168396
784.316666666,0.9396944642066956,0.26474127173423767,-0.5627788305282593,0.537075400352478
784.333333333,0.9397744536399841,0.06329039484262466,-0.562826931476593,0.4903479218482971
784.35,0.9395657777786255,0.2675071656703949,-0.562873899936676,0.5009638071060181
784.366666666,0.9396519064903259,0.0705426037311554,-0.562921941280365,0.5115945935249329
784.383333333,0.9394676089286804,0.26603996753692627,-0.5629690289497375,0.47977587580680847
784.416666666,0.9393562078475952,0.2714914083480835,-0.5630640387535095,0.4812847971916199
784.433333333,0.9394534826278687,0.06673946231603622,-0.5631122589111328,0.4840885400772095
784.45,0.9392589330673218,0.2697904407978058,-0.5631593465805054,0.4831866919994354
784.466666666,0.9393617510795593,0.06543584167957306,-0.5632075667381287,0.48765861988067627
784.483333333,0.9391639232635498,0.26877570152282715,-0.5632545351982117,0.5023748874664307
784.516666666,0.9390659332275391,0.26720038056373596,-0.5633498430252075,0.49261465668678284
784.533333333,0.9391748309135437,0.06386884301900864,-0.5633981227874756,0.5075644254684448
784.55,0.9389664530754089,0.2696492671966553,-0.5634451508522034,0.4556712508201599
784.566666666,0.9390726089477539,0.0660368800163269,-0.563493549823761,0.4829409718513489
784.583333333,0.93887859582901,0.2731253206729889,-0.5635406970977783,0.45642727613449097
784.616666666,0.9387952089309692,0.2727569341659546,-0.5636361837387085,0.4540806710720062
784.633333333,0.9388813972473145,0.06862880289554596,-0.5636841058731079,0.47811511158943176
784.65,0.938701868057251,0.2736501395702362,-0.5637313723564148,0.47752368450164795
784.666666666,0.9388206601142883,0.06524068862199783,-0.563779890537262,0.4841654300689697
784.683333333,0.938620388507843,0.2700546085834503,-0.5638269782066345,0.47288575768470764
784.716666666,0.938515841960907,0.28021040558815,-0.5639219880104065,0.44323214888572693
784.733333333,0.9386066198348999,0.07075386494398117,-0.5639702081680298,0.44445762038230896
784.75,0.9384523034095764,0.28018537163734436,-0.5640177130699158,0.4352963864803314
784.766666666,0.9385526776313782,0.07209834456443787,-0.5640658736228943,0.4691781997680664
784.783333333,0.9383798837661743,0.27728399634361267,-0.5641132593154907,0.45995551347732544
784.816666666,0.9382936954498291,0.2716253101825714,-0.564208447933197,0.47698161005973816
784.833333333,0.9383974075317383,0.06480374932289124,-0.5642567276954651,0.4747157096862793
784.85,0.9381995797157288,0.27038607001304626,-0.5643036961555481,0.48031121492385864
784.866666666,0.9383007287979126,0.06725764274597168,-0.5643518567085266,0.497811496257782
784.883333333,0.9381014704704285,0.26612696051597595,-0.5643989443778992,0.5234088897705078
784.916666666,0.9379732608795166,0.2738995850086212,-0.5644938349723816,0.48827624320983887
784.933333333,0.9380549192428589,0.07342993468046188,-0.5645418167114258,0.4963498115539551
784.95,0.9378846883773804,0.26911503076553345,-0.5645893812179565,0.48200973868370056
784.966666666,0.9379807710647583,0.06622688472270966,-0.5646376013755798,0.5046427249908447
784.983333333,0.9377702474594116,0.26974883675575256,-0.5646844506263733,0.49365824460983276
785.016666666,0.9376598596572876,0.2690947651863098,-0.5647796988487244,0.4751264154911041
785.033333333,0.9377690553665161,0.061366185545921326,-0.5648279190063477,0.46034857630729675
785.05,0.9375647306442261,0.2700403332710266,-0.5648747086524963,0.49418482184410095
785.066666666,0.9376441240310669,0.06418634206056595,-0.5649226903915405,0.4502990245819092
785.083333333,0.9374508261680603,0.2744264304637909,-0.5649698376655579,0.4840846061706543
785.116666666,0.9373599290847778,0.26919853687286377,-0.565065324306488,0.4782719910144806
785.133333333,0.9374496936798096,0.06626325845718384,-0.5651134848594666,0.48606008291244507
785.15,0.9372631907463074,0.2741085886955261,-0.5651607513427734,0.45553523302078247
785.166666666,0.9373476505279541,0.06638596951961517,-0.565208911895752,0.435045063495636
785.183333333,0.937176525592804,0.2797314524650574,-0.5652563571929932,0.44014883041381836
785.216666666,0.9371050000190735,0.271089106798172,-0.5653519630432129,0.4799308180809021
785.233333333,0.9371866583824158,0.0630202367901802,-0.5653999447822571,0.4553588628768921
785.25,0.9369878172874451,0.2758512794971466,-0.5654469728469849,0.4636766314506531
785.266666666,0.9370840191841125,0.06529438495635986,-0.5654951930046082,0.4456174075603485
785.283333333,0.9369000792503357,0.2777339220046997,-0.5655423998832703,0.4398643374443054
785.316666666,0.9368162155151367,0.2789849638938904,-0.56563800573349,0.4644814431667328
785.333333333,0.9369142055511475,0.06867435574531555,-0.5656861662864685,0.4696805775165558
785.35,0.9367318749427795,0.2741188704967499,-0.5657333731651306,0.4573076367378235
785.366666666,0.9368387460708618,0.06759948283433914,-0.5657817125320435,0.4888743758201599
785.383333333,0.9366475939750671,0.2710855305194855,-0.5658288598060608,0.48164358735084534
785.416666666,0.9365501403808594,0.26389607787132263,-0.5659241080284119,0.5042645931243896
785.433333333,0.9366497993469238,0.0629228800535202,-0.5659723877906799,0.5010316967964172
785.45,0.9364262223243713,0.267339289188385,-0.5660191774368286,0.49259883165359497
785.466666666,0.9365249872207642,0.07174784690141678,-0.5660673379898071,0.5397416949272156
785.483333333,0.9363268613815308,0.2624293565750122,-0.5661143660545349,0.5231029391288757
785.516666666,0.9361945986747742,0.26674965023994446,-0.5662090182304382,0.531154215335846
785.533333333,0.9363003969192505,0.06484899669885635,-0.5662572979927063,0.5040203928947449
785.55,0.9360865354537964,0.26573413610458374,-0.5663041472434998,0.4827890694141388
785.566666666,0.9361823201179504,0.06121310591697693,-0.5663522481918335,0.4598836302757263
785.583333333,0.935973584651947,0.27176645398139954,-0.5663989782333374,0.5155851244926453
785.616666666,0.9358848929405212,0.2670058310031891,-0.5664944648742676,0.47384488582611084
785.633333333,0.9359801411628723,0.05905955657362938,-0.5665426254272461,0.44028815627098083
785.65,0.9357723593711853,0.27919840812683105,-0.5665894746780396,0.44872042536735535
785.666666666,0.935886561870575,0.07277645915746689,-0.5666379928588867,0.48889005184173584
785.683333333,0.9357089996337891,0.2697101831436157,-0.5666853785514832,0.45639094710350037
785.716666666,0.9356202483177185,0.27479520440101624,-0.566780686378479,0.46080541610717773
785.733333333,0.9357149004936218,0.06827154755592346,-0.5668287873268127,0.45903563499450684
785.75,0.9355341792106628,0.2750283479690552,-0.5668760538101196,0.48442769050598145
785.766666666,0.9356238842010498,0.06602700054645538,-0.5669240355491638,0.45498788356781006
785.783333333,0.9354416131973267,0.27264100313186646,-0.5669713616371155,0.4974484145641327
785.816666666,0.9353518486022949,0.27028268575668335,-0.5670667886734009,0.49939319491386414
785.833333333,0.93545001745224,0.06737744808197021,-0.567115068435669,0.49316853284835815
785.85,0.9352493286132812,0.26920047402381897,-0.567162036895752,0.49856269359588623
785.866666666,0.9353505969047546,0.06570104509592056,-0.5672102570533752,0.4977172613143921
785.883333333,0.935139000415802,0.2657650411128998,-0.567257285118103,0.5267454981803894
