t,x,y,qx,qy,qz,qw,yaw,v,omega
1569.533333333,-0.2106025541394377,-0.3218591168729222,0.0,0.0,0.12483301373989399,0.9921777656653143,0.25031905324306447,-0.0003723984126105766,0.0002865077607630588
1569.566666666,-0.21061406134933278,-0.3218620590310668,0.0,0.0,0.1248383494223977,0.9921770943301863,0.25032980874372873,-0.00036657835139329554,0.0002879584401585112
1569.616666666,-0.21062590918277718,-0.32186508832798655,0.0,0.0,0.12483658031384626,0.9921773169225069,0.2503262426296487,-0.00036965299133181323,0.00031325618668461236
1569.633333333,-0.21064085240771452,-0.32186890959629294,0.0,0.0,0.1248641972468413,0.9921738417464461,0.250381912076808,-0.00037965181371531583,0.00046689116859691343
1569.666666666,-0.210655360783227,-0.321872620317935,0.0,0.0,0.12488468722175439,0.992171262886365,0.25042321532565215,-0.0003962254239824298,0.0006606650921528918
1569.716666666,-0.2106689898290243,-0.3218761064847646,0.0,0.0,0.12489214640893018,0.9921703239693124,0.2504382514206978,-0.0004045585752012531,0.000688893352716597
1569.733333333,-0.21068405623625155,-0.32187996102676175,0.0,0.0,0.12491825804530915,0.9921670367467997,0.2504908868987056,-0.0004219628228598328,0.0008887066245464058
1569.766666666,-0.2106983684486074,-0.32188362310305596,0.0,0.0,0.12493303910940756,0.9921651756330129,0.25052068244202425,-0.00043933830498367265,0.0010029468870805997
1569.816666666,-0.21071114460169407,-0.32188689233797685,0.0,0.0,0.12493328466629261,0.992165144712558,0.250521177433977,-0.00044099458730092924,0.0009948755471469262
1569.833333333,-0.2107254611751171,-0.3218905561743667,0.0,0.0,0.12495058648306771,0.9921629659171609,0.2505560543611988,-0.00043711787613782434,0.000870120430021392
1569.866666666,-0.21073876635522185,-0.32189396143352655,0.0,0.0,0.12496022924220301,0.9921617514839685,0.250575492226485,-0.0004296697001642543,0.0007389281256961405
1569.916666666,-0.2107508056290091,-0.3218970427912212,0.0,0.0,0.1249580872900217,0.9921620212550062,0.25057117447912797,-0.0004241307136157878,0.0006870448516615826
1569.933333333,-0.21076458808035614,-0.3219005706370271,0.0,0.0,0.12497305400566298,0.9921601361536845,0.25060134441012455,-0.0004161815179725594,0.0005522515722905645
1569.966666666,-0.21077672444177017,-0.32190367738131986,0.0,0.0,0.12498173606576368,0.9921590425178757,0.250618845748002,-0.00040270791807798655,0.00047848633308167864
1570.016666666,-0.21078774794086289,-0.32190649928677784,0.0,0.0,0.12497921302645569,0.9921593603405089,0.2506137597914249,-0.00039812282695701463,0.00047822568967625137
1570.033333333,-0.21080041901181062,-0.321909743217606,0.0,0.0,0.12499316629137087,0.9921576025916738,0.2506418868803439,-0.00038793342524363623,0.0004377266606692399
1570.066666666,-0.2108121505496237,-0.32191274671189024,0.0,0.0,0.12499624139946926,0.9921572151811454,0.2506480857114383,-0.00037818870802974226,0.00035829245226710714
1570.116666666,-0.21082349644348822,-0.32191565151274515,0.0,0.0,0.12499466003697608,0.9921574144067264,0.2506448979861258,-0.0003751757966349559,0.00037361891154277197
1570.133333333,-0.21083561536048057,-0.3219187544402886,0.0,0.0,0.1250049242846598,0.9921561212352552,0.25066558876406847,-0.0003648741249177509,0.0003167439943547975
1570.166666666,-0.21084692544302158,-0.3219216503780365,0.0,0.0,0.12501041410207525,0.9921554295401642,0.25067665520655985,-0.00035975764893762227,0.0002781346218401921
1570.216666666,-0.21085676106533965,-0.3219241687370381,0.0,0.0,0.12500329415323116,0.9921563266193694,0.2506623027262665,-0.0003555489221189297,0.00024292731901934232
1570.233333333,-0.21086904474602827,-0.3219273140832966,0.0,0.0,0.12501392275151918,0.9921549874481694,0.25068372798995886,-0.00035315049924767905,0.00020271636846400028
1570.266666666,-0.21088025479840897,-0.321930184583092,0.0,0.0,0.12501611374266525,0.9921547113755399,0.25068814462138966,-0.0003499214379296676,0.0001920231683919702
1570.316666666,-0.21088985609095515,-0.32193264308731045,0.0,0.0,0.12500984218129277,0.9921555016013408,0.25067550232114555,-0.0003437178209464343,0.0001666962702346912
1570.333333333,-0.21090199323541922,-0.3219357510687631,0.0,0.0,0.12501942702370486,0.99215429388108,0.2506948235832466,-0.00034383128956236314,0.00015847917535086135
1570.366666666,-0.21091397688520555,-0.3219388198684708,0.0,0.0,0.12502602068984298,0.9921534630038152,0.25070811520318853,-0.00034800365861428013,0.00017183024015297884
1570.416666666,-0.21092708136652177,-0.3219421759401583,0.0,0.0,0.12503868457377298,0.9921518670849038,0.2507336432985634,-0.00035911359471734963,0.000290906099985162
1570.433333333,-0.21094252998425134,-0.3219461331899007,0.0,0.0,0.1250685184283915,0.9921481067351422,0.2507937831060721,-0.0003787180947084084,0.0005231933582377113
1570.466666666,-0.21095744954220244,-0.32194995561715545,0.0,0.0,0.12508899029185408,0.9921455258719682,0.25083505091669334,-0.00040169628962787837,0.0007443004423509311
1570.516666666,-0.2109721190826779,-0.32195371449146987,0.0,0.0,0.1251010878312546,0.9921440005480237,0.2508594375583387,-0.0004195166558713001,0.0008521978292243299
1570.533333333,-0.21098776068111563,-0.3219577231513189,0.0,0.0,0.12512379225244563,0.992141137445861,0.25090520602327415,-0.00044122671783663824,0.0010108810430575989
1570.566666666,-0.21107814084496324,-0.3219808919878317,0.0,0.0,0.12517354905167674,0.9921348611039769,0.25100550819748185,-0.0009268200796970496,0.00153294439252969
1570.616666666,-0.21149141229081597,-0.3220868137807833,0.0,0.0,0.12507319526954988,0.9921475171692288,0.25080321081654433,-0.0024699934705983916,0.0007347732970924991
1570.633333333,-0.21172386212994784,-0.32214636019440335,0.0,0.0,0.12504637896072374,0.9921508973481862,0.25074915380852913,-0.003814042798714456,4.9592417656154624e-05
1570.666666666,-0.21238493177259263,-0.3223156553936042,0.0,0.0,0.12500831696448642,0.9921556937747757,0.250672427769513,-0.007816052608368032,-0.0006583706972373125
1570.716666666,-0.2137526376171461,-0.3226658214945942,0.0,0.0,0.12498753043315362,0.9921583125873721,0.25063052607196834,-0.013284371940472248,-0.0009132086723886025
1570.733333333,-0.21430903949340105,-0.3228082683105057,0.0,0.0,0.124988086193149,0.9921582425751317,0.25063164637708074,-0.016633569511713114,-0.0011810976259689226
1570.766666666,-0.21561395599992653,-0.3231423448396787,0.0,0.0,0.12498610587265979,0.992158492045897,0.25062765443274115,-0.02415576579608434,-0.0018068623703584297
1570.816666666,-0.21787349301123762,-0.32372080213863585,0.0,0.0,0.12498162803274175,0.9921590561267308,0.2506186279744061,-0.031851934131387406,-0.0010597617589446387
1570.833333333,-0.21863721486590257,-0.3239163138792264,0.0,0.0,0.12497942313798652,0.9921593338733936,0.25061418333534746,-0.035142301022567504,-0.0007620875511625562
1570.866666666,-0.22016401116772918,-0.324307161926494,0.0,0.0,0.12497629046238087,0.9921597284823964,0.2506078684726521,-0.040504060003062024,-0.0003396204916338058
1570.916666666,-0.2224544701886557,-0.3248934777636513,0.0,0.0,0.12496919259971917,0.992160622530936,0.2505935605759296,-0.044449919553732314,-0.0001686630782146529
1570.933333333,-0.22321818487805234,-0.3250889680878655,0.0,0.0,0.12496798353522778,0.992160774819857,0.25059112334072564,-0.04573386647431816,-0.00019000831968617125
1570.966666666,-0.22474470585529624,-0.3254797080547827,0.0,0.0,0.12496426787245857,0.9921612428204906,0.25058363330083055,-0.04710627100033366,-0.0002109968924929655
1571.016666666,-0.22703520433081156,-0.3260659771675324,0.0,0.0,0.1249576372928452,0.9921620779299064,0.2505702673749373,-0.04728730298410101,-0.00023300059911802881
1571.033333333,-0.22779926256029304,-0.32626153679109415,0.0,0.0,0.12495682519957699,0.992162180208479,0.25056863035767085,-0.04728932943767474,-0.00021615486870190404
1571.066666666,-0.22932586450496661,-0.3266522611972353,0.0,0.0,0.12495330007866587,0.9921626241697733,0.2505615244223858,-0.04728801575871859,-0.000220901304665223
1571.116666666,-0.23161656865392316,-0.3272385281020778,0.0,0.0,0.12494683962131878,0.9921634377806131,0.2505485014470372,-0.047288490409212756,-0.000216086279028248
1571.133333333,-0.23237996253867543,-0.32743389897148273,0.0,0.0,0.12494479350626501,0.9921636954533646,0.25054437689515363,-0.047286447974079465,-0.00022621017890337228
1571.166666666,-0.23390688147936117,-0.3278246653276608,0.0,0.0,0.12494129560102889,0.9921641359440162,0.25053732583195576,-0.047288800450151505,-0.00022357631879099874
1571.216666666,-0.23619752883668352,-0.3284108619266627,0.0,0.0,0.12493572435576022,0.9921648375041828,0.25052609534478715,-0.04728934701728889,-0.00021553755804232737
1571.233333333,-0.2369611727040861,-0.328606278757602,0.0,0.0,0.1249339413749684,0.9921650620196802,0.25052250122307934,-0.04728672605209893,-0.00022728018445580694
1571.266666666,-0.23848800443172685,-0.3289969862436808,0.0,0.0,0.12493003061161496,0.992165554457209,0.25051461793322644,-0.04728803653466744,-0.000231944311884837
1571.316666666,-0.2407786044820337,-0.3295831141466425,0.0,0.0,0.1249240737258862,0.9921663045093445,0.25050261009149,-0.04728774567144171,-0.00022571633012297246
1571.333333333,-0.24154243153871396,-0.32977855860483357,0.0,0.0,0.12492212287885752,0.9921665501393603,0.2504986775919114,-0.04729037302929421,-0.00022456401631625253
1571.366666666,-0.2430690894487734,-0.3301691846474225,0.0,0.0,0.12491912401771578,0.992166927716625,0.2504926325169778,-0.04728864702788363,-0.0002185280866736354
1571.416666666,-0.24535970579375754,-0.3307552617616887,0.0,0.0,0.1249122098463776,0.9921677982233119,0.25047869500684355,-0.04728823790154707,-0.00022730762066445033
1571.433333333,-0.24612310187947867,-0.33095057675355927,0.0,0.0,0.12491057657667183,0.9921680038477775,0.25047540268161494,-0.04728664614463902,-0.00022549684182501814
1571.466666666,-0.24764996600038838,-0.33134121781257175,0.0,0.0,0.12490740077349716,0.9921684036654307,0.2504690009381149,-0.04728673564093656,-0.00021660756392852745
1571.516666666,-0.24994080215469425,-0.3319272954775117,0.0,0.0,0.12490201097889464,0.9921690821898393,0.25045813626486063,-0.047289986276973325,-0.0002137816513761315
1571.533333333,-0.25070438199802714,-0.33212264017024756,0.0,0.0,0.12489966088211431,0.9921693780355917,0.2504533989746706,-0.047288400912663286,-0.0002186103949482484
1571.566666666,-0.2522310589813259,-0.33251319596148066,0.0,0.0,0.12489556862697489,0.9921698931822839,0.2504451498709034,-0.04728840730501352,-0.0002318345682185919
1571.616666666,-0.25452199349509746,-0.3330992416495422,0.0,0.0,0.12489049640534997,0.992170531666621,0.2504349253719991,-0.04729049768462339,-0.00022058579024856876
1571.633333333,-0.25528555722483254,-0.33329456335205976,0.0,0.0,0.12488816445263108,0.9921708252008081,0.25043022466320053,-0.04729148214465461,-0.00022903609149916524
1571.666666666,-0.2568124560290738,-0.33368513761650204,0.0,0.0,0.1248842627403134,0.9921713163157905,0.2504223596640433,-0.04729158442619079,-0.00023781562509540268
1571.716666666,-0.2591032510686118,-0.3342710922682112,0.0,0.0,0.1248795716092257,0.9921719067755831,0.25041290337435895,-0.04728942372811072,-0.00023309662558355926
1571.733333333,-0.25986693053101434,-0.3344664258508092,0.0,0.0,0.1248774755710289,0.9921721705908744,0.25040867822364904,-0.0472899862767369,-0.00023002378876450083
1571.766666666,-0.2613937138111861,-0.3348569358265527,0.0,0.0,0.12487371903364528,0.9921726433916157,0.2504011058756233,-0.04729053604030739,-0.0002259632539162955
1571.816666666,-0.26368432417161425,-0.3354427869911268,0.0,0.0,0.12486732202745927,0.9921734484905806,0.25038821093514463,-0.047289110490925476,-0.0002387484500625479
1571.833333333,-0.2644483015080393,-0.3356381770672494,0.0,0.0,0.12486571596977186,0.9921736506153327,0.2503849734820032,-0.04729161638941556,-0.0002299689162956748
1571.866666666,-0.2659749081613557,-0.3360286036674987,0.0,0.0,0.12486205016455909,0.9921741119524855,0.25037758404093463,-0.047289698610184686,-0.00022711556786054652
1571.916666666,-0.2682655109755376,-0.3366143983384284,0.0,0.0,0.12485610683812935,0.9921748598836929,0.25036560363524174,-0.047288618261045794,-0.00023342585802049845
1571.933333333,-0.2690295877893025,-0.33680979505077036,0.0,0.0,0.12485401079369392,0.9921751236494131,0.25036137848453177,-0.04729102187790295,-0.0002334258580208558
1571.966666666,-0.27055603831387176,-0.3372001441230509,0.0,0.0,0.12485052645885386,0.9921755621073052,0.25035435485737745,-0.047288848394576956,-0.0002301335330623901
1572.016666666,-0.27284680307963005,-0.33778592474741276,0.0,0.0,0.12484458312373761,0.9921763099694832,0.25034237445168456,-0.047289008209546575,-0.0002192139881019451
1572.033333333,-0.27361089469177513,-0.33798130659483194,0.0,0.0,0.12484280465922899,0.9921765337503289,0.2503387894753246,-0.04728966025454506,-0.0002212991273714589
1572.066666666,-0.27513770964336637,-0.3383717099270675,0.0,0.0,0.1248379048059567,0.9921771502729031,0.25032891249963884,-0.04729083649268055,-0.00023622433549365954
1572.116666666,-0.27742810017288755,-0.33895733703024206,0.0,0.0,0.124833268090149,0.992177733663648,0.2503195659541288,-0.04728890592815507,-0.00022009194220677777
1572.133333333,-0.27819197938591533,-0.33915264636885917,0.0,0.0,0.12483193423989113,0.9921779014843697,0.25031687722185875,-0.04728762740848565,-0.00021087343175116925
1572.166666666,-0.27971872019520616,-0.3395429955943182,0.0,0.0,0.12482815953317691,0.9921783763958776,0.2503092682924416,-0.047289315054374836,-0.00021438524482323985
1572.216666666,-0.2820093283982614,-0.34012862296427887,0.0,0.0,0.1248221889597332,0.9921791275487006,0.2502972330146616,-0.04728847123142684,-0.00022228682498635373
1572.233333333,-0.28277340835270276,-0.340323964384513,0.0,0.0,0.12481955755054937,0.9921794585924892,0.2502919287129044,-0.0472883433794663,-0.00023260277716349815
1572.266666666,-0.28430000172191405,-0.34071423649796284,0.0,0.0,0.12481574654258869,0.9921799380228449,0.2502842466207045,-0.04728686029651831,-0.00021943347605773923
1572.316666666,-0.2865904343206474,-0.3412997592712044,0.0,0.0,0.12480992114114714,0.9921806708380992,0.2502725039940558,-0.04728904017238198,-0.00023682792724375734
1572.333333333,-0.2873549566823357,-0.3414951940412642,0.0,0.0,0.12480776156755696,0.9921809424961234,0.2502681508084758,-0.04729296522763345,-0.0002468146469041305
1572.366666666,-0.28888149741442254,-0.3418854139532395,0.0,0.0,0.12480425906459475,0.9921813830743538,0.25026109059993007,-0.0472916099968308,-0.0002435223219260898
1572.416666666,-0.291172203764816,-0.34247094991301813,0.0,0.0,0.12479834291616274,0.9921821272354082,0.25024916506632444,-0.04729139264845299,-0.00024077871768571685
1572.433333333,-0.29193617334246325,-0.342666224096857,0.0,0.0,0.12479583853297437,0.9921824422377428,0.2502441168343072,-0.0472906511070821,-0.00023924229927690236
1572.466666666,-0.2934629094252864,-0.34305645415385577,0.0,0.0,0.12479191862725733,0.9921829352721846,0.25023621525375866,-0.04729141821901532,-0.00024055922911813316
1572.516666666,-0.2957535801891568,-0.3436419228275115,0.0,0.0,0.12478647431053003,0.9921836200165509,0.2502252408363301,-0.04729102187798883,-0.0002343038113580827
1572.533333333,-0.29651741804891957,-0.3438371444263214,0.0,0.0,0.12478464138971976,0.9921838505404323,0.2502215461157957,-0.04728672605211646,-0.00023035302116276307
1572.566666666,-0.29793353417506374,-0.34419906641862186,0.0,0.0,0.12478052185327525,0.9921843686362047,0.25021324213994145,-0.046602769174565975,-0.00023781562525963183
1572.616666666,-0.2996893701725158,-0.3446477905848337,0.0,0.0,0.12477358941264058,0.9921852404592026,0.25019926804841564,-0.044524241460396186,-0.00024758285665265906
1572.633333333,-0.3001761754261129,-0.3447721945130175,0.0,0.0,0.12477130279476026,0.9921855280132331,0.2501946587930957,-0.042807752179650084,-0.00024494899652099657
1572.666666666,-0.30095571445808766,-0.3449714006405642,0.0,0.0,0.12476553180382965,0.9921862537214006,0.25018302591062136,-0.03818038045454325,-0.0002673368085500066
1572.716666666,-0.3017417083348987,-0.34517225148179154,0.0,0.0,0.12477001430344045,0.9921856900453258,0.2501920615143042,-0.03210362781616624,-0.0002133426738993941
1572.733333333,-0.3019037108688881,-0.34521365254930914,0.0,0.0,0.12478084851263127,0.992184327554345,0.2502139006049871,-0.028376538604853303,-6.013980965997622e-05
1572.766666666,-0.3020334979053552,-0.3452468240066424,0.0,0.0,0.12479542113569904,0.9921824947375173,0.2502432754623044,-0.0204104918341014,0.0001659331907610287
1572.816666666,-0.30204812690349214,-0.34525056322880593,0.0,0.0,0.12480313390787272,0.9921815246046328,0.25025882255366155,-0.013063555532850421,0.00022387811720078667
1572.833333333,-0.3020670538979506,-0.3452554021934569,0.0,0.0,0.12484697860591121,0.9921760085453464,0.2503472031953532,-0.010166072122782203,0.0007818174881117365
1572.866666666,-0.3020839987507838,-0.345259735466864,0.0,0.0,0.12487260296059943,0.9921727838586606,0.2503988561200505,-0.005443476278124847,0.0011615323530729546
1572.916666666,-0.3020992877676304,-0.345263645971561,0.0,0.0,0.12488677616916735,0.9921709999481301,0.25042742618675634,-0.002107358318878739,0.0011742626801723088
1572.933333333,-0.30211549728307596,-0.3452677928639718,0.0,0.0,0.1249179535088214,0.9921670750892553,0.2504902730172308,-0.001204493344316522,0.0014203091140010235
1572.966666666,-0.302130657927049,-0.345271672114899,0.0,0.0,0.12493740752555237,0.9921646255540428,0.2505294882688423,-0.000494633680560887,0.0014793514950603025
1573.016666666,-0.30214497620430475,-0.3452753362767521,0.0,0.0,0.12494735228420914,0.99216337321893,0.25054953487134524,-0.000502752279750695,0.0014856069134918015
1573.033333333,-0.30216055355117005,-0.3452793233902753,0.0,0.0,0.12497390182474959,0.992160029361543,0.25060305344700545,-0.00048201469175981475,0.0012764345214867849
1573.066666666,-0.3021748137530745,-0.34528297382987344,0.0,0.0,0.12498635086078855,0.9921584611837485,0.25062814828152546,-0.0004653939359530643,0.0011170859726927294
1573.116666666,-0.30218790550168956,-0.34528632540117465,0.0,0.0,0.12499086952935219,0.992157891937718,0.2506372570479911,-0.0004569684916015825,0.0010616651639438512
1573.133333333,-0.3022018930450752,-0.34528990675346244,0.0,0.0,0.12500749240023004,0.992155797666781,0.2506707656025398,-0.00044321162065205064,0.0008856355119067486
1573.166666666,-0.3022152364687543,-0.34529332345739344,0.0,0.0,0.12501765483675828,0.992154517189292,0.2506912511817399,-0.00043196064744343584,0.0007732574724030872
1573.216666666,-0.302227630297581,-0.34529649714177035,0.0,0.0,0.1250189977291756,0.9921543479755518,0.25069395820470575,-0.00042592603473212714,0.0007170684548574486
1573.233333333,-0.30224075066147277,-0.34529985722407935,0.0,0.0,0.12503340658745574,0.9921525322434731,0.2507230038295,-0.00041071165143417886,0.0005702307525980687
1573.266666666,-0.30225281407594456,-0.3453029468504158,0.0,0.0,0.12504077433099633,0.992151603715231,0.25073785587442005,-0.00039710820182131755,0.0005087740086286574
1573.316666666,-0.3022642747225428,-0.34530588214020874,0.0,0.0,0.12504135503955366,0.9921515305284129,0.25073902647894575,-0.0003929402277314733,0.0004870446617777762
1573.333333333,-0.3022766600850233,-0.3453090545274427,0.0,0.0,0.12505137225542484,0.9921502680022998,0.2507592194070145,-0.0003830189155990112,0.00040715090449822236
1573.366666666,-0.3022882403731069,-0.3453120208103692,0.0,0.0,0.12505672565360765,0.9921495932412603,0.2507700109174859,-0.00037210035752447074,0.00034898648879914214
1573.416666666,-0.3022990486401779,-0.3453147893481567,0.0,0.0,0.12505313252573755,0.9921500461349081,0.25076276780198303,-0.00036868670998728583,0.00033043972248155486
1573.433333333,-0.3023113265915195,-0.3453179345198384,0.0,0.0,0.12506209719524347,0.9921489161638627,0.25078083900934883,-0.0003634703499995653,0.000264593219227657
1573.466666666,-0.302322469201549,-0.3453207889534456,0.0,0.0,0.12506705135032686,0.9921482916714289,0.2507908257292088,-0.0003577681522764357,0.00023540126879243226
1573.516666666,-0.3023325590728016,-0.34532337366764243,0.0,0.0,0.1250621879307126,0.9921489047264948,0.250781021916306,-0.0003536385338219978,0.00020280724868455342
1573.533333333,-0.3023445851277487,-0.34532645457102723,0.0,0.0,0.12507305803234445,0.9921475344697671,0.2508029341697718,-0.0003514139097094749,0.00021312320086062575
1573.566666666,-0.3023556657582331,-0.3453292933485383,0.0,0.0,0.1250761067392883,0.9921471501359777,0.25080907984353185,-0.00034831989192360646,0.0001852481797142417
1573.616666666,-0.30236575144752015,-0.3453318772141546,0.0,0.0,0.12507184217865053,0.9921476877431297,0.2508004832165461,-0.00034567335628665915,0.00018382150527483348
1573.633333333,-0.3023770756206426,-0.3453347785230801,0.0,0.0,0.1250812967972022,0.992146495831906,0.2508195421214804,-0.00033976659571109983,0.00018974769056553814
1573.666666666,-0.30238792089954025,-0.3453375571411565,0.0,0.0,0.12508109717965343,0.9921465209979492,0.25081913972617464,-0.0003379255274970821,0.00012741299898795844
1573.716666666,-0.302397420333345,-0.3453399909056233,0.0,0.0,0.12507621562165736,0.9921471364095976,0.25080929933188056,-0.00033461416171010874,0.00013827767169203006
1573.733333333,-0.30240900869854015,-0.34534296000530873,0.0,0.0,0.12508523470599306,0.9921459993662962,0.2508274802834205,-0.0003319037001477059,0.00011588986058486139
1573.766666666,-0.30241950716019883,-0.3453456499022703,0.0,0.0,0.12508743049759677,0.9921457225284545,0.25083190663178345,-0.0003282982749019331,0.00010557390774997358
1573.816666666,-0.30242839970878765,-0.34534792822933763,0.0,0.0,0.12507672373935946,0.9921470723529995,0.2508103236108405,-0.0003240024489367985,5.816442449177459e-05
1573.833333333,-0.3024408054881692,-0.345351106783623,0.0,0.0,0.12508635982242855,0.9921458575161083,0.25082974832968913,-0.0003307018916673243,6.035930793541714e-05
1573.866666666,-0.30245109339679027,-0.34535374275731884,0.0,0.0,0.12508831970228676,0.9921456104191857,0.2508336991199634,-0.0003272498885929751,8.647842126150456e-05
1573.916666666,-0.30246041528231155,-0.34535613114751984,0.0,0.0,0.12508080682684627,0.9921465576030313,0.25081855442391204,-0.00032781243716936947,6.848037662526332e-05
1573.933333333,-0.30247224306499715,-0.3453591617082417,0.0,0.0,0.125090007376218,0.9921453976381777,0.2508371011893663,-0.0003292955199110514,7.06752600673458e-05
1573.966666666,-0.30248258462177735,-0.34536181151381645,0.0,0.0,0.12509136840331828,0.9921452260384995,0.2508398447937235,-0.0003283238448533097,6.057879464151279e-05
1574.016666666,-0.3024919973169011,-0.34536422323215776,0.0,0.0,0.12508418217756917,0.992146132063704,0.2508253585627177,-0.000329461727364132,8.680765226144761e-05
1574.033333333,-0.3025033214263405,-0.34536712478963494,0.0,0.0,0.12509073325736744,0.9921453061185816,0.2508385644450235,-0.000322762284634688,4.949463375069108e-05
1574.066666666,-0.3025135886816207,-0.34536975551922333,0.0,0.0,0.1250903884638298,0.992145349590456,0.2508378693985863,-0.0003226344327140761,2.161961369699008e-05
1574.116666666,-0.30252353393454456,-0.3453723037001256,0.0,0.0,0.12508463585363128,0.9921460748666824,0.2508262730975035,-0.0003253704647021064,3.7203286303454024e-05
1574.133333333,-0.3025350727124469,-0.3453752602891801,0.0,0.0,0.12509249351887672,0.9921450841813559,0.2508421128399921,-0.00032358053725427965,2.0961148832748312e-05
1574.166666666,-0.3025457651797565,-0.34537800001057667,0.0,0.0,0.12509151357952839,0.9921452077344236,0.2508401374448549,-0.00032575402084029887,-7.352847672753083e-06
1574.216666666,-0.3025549673238082,-0.34538035779797965,0.0,0.0,0.12508510767670805,0.9921460153815598,0.2508272242136806,-0.00032521704258323857,3.2924442685489597e-07
1574.233333333,-0.3025666588481718,-0.34538335353789945,0.0,0.0,0.12509301978255047,0.992145017828383,0.2508431737003435,-0.0003274928074798454,1.6790870240329343e-05
1574.266666666,-0.30257697149730806,-0.3453859959742729,0.0,0.0,0.1250930560765956,0.9921450132523056,0.25084324686312626,-0.00032777408173774176,2.14001244146693e-05
1574.316666666,-0.3025859135456692,-0.34538828715355563,0.0,0.0,0.12508583355830943,0.9921459238655486,0.25082868746933773,-0.00032392573765614084,1.668112462315986e-05
1574.333333333,-0.3025975720374453,-0.3453912744531104,0.0,0.0,0.12509418119191276,0.9921448713932481,0.2508455149093949,-0.00032466727902799846,2.2607309917435874e-05
1574.366666666,-0.3026080291895666,-0.3453939538730022,0.0,0.0,0.1250911869330518,0.9921452489185645,0.2508394789798091,-0.000323209766610895,-1.7558964973844736e-06
1574.416666666,-0.3026168845511083,-0.345396222803743,0.0,0.0,0.12508463585363128,0.9921460748666824,0.2508262730975035,-0.00032062715702233055,2.414381865640159e-06
1574.433333333,-0.30262829122071516,-0.3453991455452654,0.0,0.0,0.1250927112831598,0.9921450567249872,0.25084255181668924,-0.00031886279996760404,4.389776963299979e-06
1574.466666666,-0.302638698820279,-0.3454018123189573,0.0,0.0,0.1250932738408631,0.9921449857958134,0.25084368583982347,-0.00031945091887075286,1.075493877321093e-05
1574.516666666,-0.3026482560113962,-0.3454042610481022,0.0,0.0,0.12508349258990475,0.9921462190027794,0.25082396846984345,-0.0003205888013992811,-2.7545777066149414e-05
1574.533333333,-0.30265986497709363,-0.3454072355981174,0.0,0.0,0.12509176763788968,0.9921451757022398,0.25084064958433494,-0.00032028195669411125,-2.8423730442410627e-05
1574.566666666,-0.30267049963795306,-0.34540996054662,0.0,0.0,0.12509271128315974,0.9921450567249872,0.25084255181668913,-0.0003213814834576342,1.9205239862869923e-05
1574.616666666,-0.30268010635505593,-0.3454124220256689,0.0,0.0,0.12508808379084815,0.9921456401625387,0.25083322356187476,-0.0003253193238619197,1.7449333858672938e-05
1574.633333333,-0.302691335487593,-0.34541529934915066,0.0,0.0,0.12509527001303425,0.9921447341090744,0.25084770979288057,-0.0003242197970008345,6.694404992926872e-06
1574.666666666,-0.3027016894120444,-0.3454179523961572,0.0,0.0,0.12509374566342193,0.992144926306583,0.2508446369560005,-0.00032388738180377433,-1.8546755733879896e-05
1574.716666666,-0.3027114406260603,-0.3454204508824219,0.0,0.0,0.12508354703103833,0.9921462121391856,0.2508240782140177,-0.0003260225095159012,-1.3169213836184135e-06
1574.733333333,-0.3027226450154429,-0.3454233217535296,0.0,0.0,0.12509047919897273,0.9921453381505007,0.25083805230554346,-0.000323516611090417,-1.7559058853384957e-05
