t,requested_linear_mps,requested_angular_rad_s
1306.7,0.0,0.0
1306.75,0.0,0.0
1306.766666666,0.0,0.0
1306.783333333,0.0,0.0
1306.8,0.0,0.0
1306.8,0.0,0.0
1306.816666666,0.0,0.0
1306.816666666,0.0,0.0
1306.833333333,0.0,0.0
1306.85,0.0,0.0
1306.85,0.0,0.0
1306.866666666,0.0,0.0
1306.883333333,0.0,0.0
1306.883333333,0.0,0.0
1306.9,0.0,0.0
1306.916666666,0.0,0.0
1306.916666666,0.0,0.0
1306.933333333,0.0,0.0
1306.95,0.0,0.0
1306.95,0.0,0.0
1306.966666666,0.0,0.0
1306.983333333,0.0,0.0
1306.983333333,0.0,0.0
1307.0,0.0,0.0
1307.0,0.0,0.0
1307.0,0.0,0.0
1307.0,0.0,0.0
1307.016666666,0.0,0.0
1307.016666666,0.0,0.0
1307.033333333,0.0,0.0
1307.05,0.0,0.0
1307.05,0.0,0.0
1307.066666666,0.0,0.0
1307.083333333,0.0,0.0
1307.083333333,0.0,0.0
1307.1,0.0,0.0
1307.116666666,0.0,0.0
1307.116666666,0.0,0.0
1307.133333333,0.0,0.0
1307.15,0.0,0.0
1307.166666666,0.0,0.0
1307.166666666,0.0,0.0
1307.183333333,0.0,0.0
1307.183333333,0.0,0.0
1307.2,0.0,0.0
1307.216666666,0.0,0.0
1307.216666666,0.0,0.0
1307.233333333,0.0,0.0
1307.25,0.0,0.0
1307.25,0.0,0.0
1307.266666666,0.0,0.0
1307.283333333,0.0,0.0
1307.283333333,0.0,0.0
1307.3,0.0,0.0
1307.316666666,0.0,0.0
1307.316666666,0.0,0.0
1307.333333333,0.0,0.0
1307.35,0.0,0.0
1307.35,0.0,0.0
1307.366666666,0.0,0.0
1307.383333333,0.0,0.0
1307.383333333,0.0,0.0
1307.4,0.0,0.0
1307.416666666,0.0,0.0
1307.416666666,0.0,0.0
1307.433333333,0.0,0.0
1307.45,0.0,0.0
1307.45,0.0,0.0
1307.466666666,0.0,0.0
1307.483333333,0.0,0.0
1307.483333333,0.0,0.0
1307.5,0.0,0.0
1307.5,0.0,0.0
1307.516666666,0.0,0.0
1307.533333333,0.0,0.0
1307.533333333,0.0,0.0
1307.55,0.0,0.0
1307.566666666,0.0,0.0
1307.566666666,0.0,0.0
1307.583333333,0.0,0.0
1307.6,0.0,0.0
1307.6,0.0,0.0
1307.616666666,0.0,0.0
1307.633333333,0.0,0.0
1307.633333333,0.0,0.0
1307.65,0.0,0.0
1307.666666666,0.0,0.0
1307.666666666,0.0,0.0
1307.683333333,0.0,0.0
1307.7,0.0,0.0
1307.7,0.05,0.0
1307.7,0.05,0.0
1307.716666666,0.05,0.0
1307.733333333,0.05,0.0
1307.733333333,0.05,0.0
1307.75,0.05,0.0
1307.766666666,0.05,0.0
1307.766666666,0.05,0.0
1307.783333333,0.05,0.0
1307.8,0.05,0.0
1307.8,0.05,0.0
1307.816666666,0.05,0.0
1307.816666666,0.05,0.0
1307.816666666,0.05,0.0
1307.816666666,0.05,0.0
1307.833333333,0.05,0.0
1307.85,0.05,0.0
1307.85,0.05,0.0
1307.866666666,0.05,0.0
1307.866666666,0.05,0.0
1307.883333333,0.05,0.0
1307.9,0.05,0.0
1307.9,0.05,0.0
1307.916666666,0.05,0.0
1307.933333333,0.05,0.0
1307.933333333,0.05,0.0
1307.95,0.05,0.0
1307.966666666,0.05,0.0
1307.966666666,0.05,0.0
1307.983333333,0.05,0.0
1308.0,0.05,0.0
1308.0,0.05,0.0
1308.016666666,0.05,0.0
1308.033333333,0.05,0.0
1308.05,0.05,0.0
1308.05,0.05,0.0
1308.066666666,0.05,0.0
1308.083333333,0.05,0.0
1308.083333333,0.05,0.0
1308.1,0.05,0.0
1308.1,0.05,0.0
1308.116666666,0.05,0.0
1308.133333333,0.05,0.0
1308.133333333,0.05,0.0
1308.15,0.05,0.0
1308.166666666,0.05,0.0
1308.166666666,0.05,0.0
1308.183333333,0.05,0.0
1308.2,0.05,0.0
1308.2,0.05,0.0
1308.216666666,0.05,0.0
1308.233333333,0.05,0.0
1308.233333333,0.05,0.0
1308.25,0.05,0.0
1308.266666666,0.05,0.0
1308.266666666,0.05,0.0
1308.283333333,0.05,0.0
1308.3,0.05,0.0
1308.3,0.05,0.0
1308.316666666,0.05,0.0
1308.333333333,0.05,0.0
1308.333333333,0.05,0.0
1308.35,0.05,0.0
1308.366666666,0.05,0.0
1308.383333333,0.05,0.0
1308.383333333,0.05,0.0
1308.4,0.05,0.0
1308.4,0.05,0.0
1308.416666666,0.05,0.0
1308.416666666,0.05,0.0
1308.416666666,0.05,0.0
1308.416666666,0.05,0.0
1308.433333333,0.05,0.0
1308.45,0.05,0.0
1308.45,0.05,0.0
1308.466666666,0.05,0.0
1308.466666666,0.05,0.0
1308.483333333,0.05,0.0
1308.5,0.05,0.0
1308.5,0.05,0.0
1308.516666666,0.05,0.0
1308.533333333,0.05,0.0
1308.55,0.05,0.0
1308.55,0.05,0.0
1308.566666666,0.05,0.0
1308.583333333,0.05,0.0
1308.583333333,0.05,0.0
1308.6,0.05,0.0
1308.6,0.05,0.0
1308.616666666,0.05,0.0
1308.633333333,0.05,0.0
1308.65,0.05,0.0
1308.65,0.05,0.0
1308.666666666,0.05,0.0
1308.666666666,0.05,0.0
1308.683333333,0.05,0.0
1308.7,0.05,0.0
1308.7,0.05,0.0
1308.716666666,0.05,0.0
1308.733333333,0.05,0.0
1308.75,0.05,0.0
1308.75,0.05,0.0
1308.766666666,0.05,0.0
1308.766666666,0.05,0.0
1308.783333333,0.05,0.0
1308.8,0.05,0.0
1308.8,0.05,0.0
1308.816666666,0.05,0.0
1308.833333333,0.05,0.0
1308.833333333,0.05,0.0
1308.85,0.05,0.0
1308.866666666,0.05,0.0
1308.866666666,0.05,0.0
1308.883333333,0.05,0.0
1308.9,0.05,0.0
1308.9,0.05,0.0
1308.916666666,0.05,0.0
1308.933333333,0.05,0.0
1308.933333333,0.05,0.0
1308.95,0.05,0.0
1308.966666666,0.05,0.0
1308.966666666,0.05,0.0
1308.983333333,0.05,0.0
1309.0,0.05,0.0
1309.0,0.05,0.0
1309.016666666,0.05,0.0
1309.016666666,0.05,0.0
1309.033333333,0.05,0.0
1309.05,0.05,0.0
1309.066666666,0.05,0.0
1309.066666666,0.05,0.0
1309.083333333,0.05,0.0
1309.1,0.05,0.0
1309.1,0.05,0.0
1309.116666666,0.05,0.0
1309.116666666,0.05,0.0
1309.133333333,0.05,0.0
1309.15,0.05,0.0
1309.15,0.05,0.0
1309.166666666,0.05,0.0
1309.183333333,0.05,0.0
1309.183333333,0.05,0.0
1309.2,0.05,0.0
1309.216666666,0.05,0.0
1309.216666666,0.05,0.0
1309.233333333,0.05,0.0
1309.25,0.05,0.0
1309.25,0.05,0.0
1309.266666666,0.05,0.0
1309.283333333,0.05,0.0
1309.3,0.05,0.0
1309.3,0.05,0.0
1309.316666666,0.05,0.0
1309.316666666,0.05,0.0
1309.333333333,0.05,0.0
1309.35,0.05,0.0
1309.35,0.05,0.0
1309.366666666,0.05,0.0
1309.383333333,0.05,0.0
1309.4,0.05,0.0
1309.4,0.05,0.0
1309.416666666,0.05,0.0
1309.416666666,0.05,0.0
1309.433333333,0.05,0.0
1309.45,0.05,0.0
1309.45,0.05,0.0
1309.45,0.05,0.0
1309.45,0.05,0.0
1309.466666666,0.05,0.0
1309.466666666,0.05,0.0
1309.483333333,0.05,0.0
1309.5,0.05,0.0
1309.5,0.05,0.0
1309.516666666,0.05,0.0
1309.516666666,0.05,0.0
1309.533333333,0.05,0.0
1309.533333333,0.05,0.0
1309.533333333,0.05,0.0
1309.533333333,0.05,0.0
1309.55,0.05,0.0
1309.55,0.05,0.0
1309.566666666,0.05,0.0
1309.583333333,0.05,0.0
1309.6,0.05,0.0
1309.6,0.05,0.0
1309.616666666,0.05,0.0
1309.616666666,0.05,0.0
1309.633333333,0.05,0.0
1309.65,0.05,0.0
1309.65,0.05,0.0
1309.666666666,0.05,0.0
1309.683333333,0.05,0.0
1309.683333333,0.05,0.0
1309.7,0.0,0.0
1309.7,0.0,0.0
1309.7,0.0,0.0
1309.716666666,0.0,0.0
1309.733333333,0.0,0.0
1309.75,0.0,0.0
1309.75,0.0,0.0
1309.766666666,0.0,0.0
1309.766666666,0.0,0.0
1309.783333333,0.0,0.0
1309.8,0.0,0.0
1309.8,0.0,0.0
1309.816666666,0.0,0.0
1309.833333333,0.0,0.0
1309.85,0.0,0.0
1309.85,0.0,0.0
1309.866666666,0.0,0.0
1309.866666666,0.0,0.0
1309.883333333,0.0,0.0
1309.9,0.0,0.0
1309.9,0.0,0.0
1309.916666666,0.0,0.0
1309.933333333,0.0,0.0
1309.933333333,0.0,0.0
1309.95,0.0,0.0
1309.966666666,0.0,0.0
1309.983333333,0.0,0.0
1309.983333333,0.0,0.0
1310.0,0.0,0.0
1310.0,0.0,0.0
1310.016666666,0.0,0.0
1310.033333333,0.0,0.0
1310.05,0.0,0.0
1310.05,0.0,0.0
1310.066666666,0.0,0.0
1310.066666666,0.0,0.0
1310.083333333,0.0,0.0
1310.1,0.0,0.0
1310.1,0.0,0.0
1310.116666666,0.0,0.0
1310.133333333,0.0,0.0
1310.133333333,0.0,0.0
1310.15,0.0,0.0
1310.166666666,0.0,0.0
1310.166666666,0.0,0.0
1310.183333333,0.0,0.0
1310.2,0.0,0.0
1310.2,0.0,0.0
1310.216666666,0.0,0.0
1310.233333333,0.0,0.0
1310.233333333,0.0,0.0
1310.25,0.0,0.0
1310.266666666,0.0,0.0
1310.266666666,0.0,0.0
1310.283333333,0.0,0.0
1310.3,0.0,0.0
1310.3,0.0,0.0
1310.316666666,0.0,0.0
1310.333333333,0.0,0.0
1310.333333333,0.0,0.0
1310.35,0.0,0.0
1310.366666666,0.0,0.0
1310.366666666,0.0,0.0
1310.383333333,0.0,0.0
1310.4,0.0,0.0
1310.4,0.0,0.0
1310.416666666,0.0,0.0
1310.433333333,0.0,0.0
1310.433333333,0.0,0.0
1310.45,0.0,0.0
1310.466666666,0.0,0.0
1310.483333333,0.0,0.0
1310.483333333,0.0,0.0
1310.5,0.0,0.0
1310.5,0.0,0.0
1310.516666666,0.0,0.0
1310.533333333,0.0,0.0
1310.533333333,0.0,0.0
1310.55,0.0,0.0
1310.566666666,0.0,0.0
1310.566666666,0.0,0.0
1310.583333333,0.0,0.0
1310.6,0.0,0.0
1310.6,0.0,0.0
1310.616666666,0.0,0.0
1310.616666666,0.0,0.0
1310.633333333,0.0,0.0
1310.633333333,0.0,0.0
1310.633333333,0.0,0.0
1310.633333333,0.0,0.0
1310.633333333,0.0,0.0
1310.633333333,0.0,0.0
1310.633333333,0.0,0.0
1310.65,0.0,0.0
1310.65,0.0,0.0
1310.666666666,0.0,0.0
1310.666666666,0.0,0.0
1310.683333333,0.0,0.0
1310.683333333,0.0,0.0
1310.7,0.0,0.0
1310.716666666,0.0,0.0
1310.716666666,0.0,0.0
1310.733333333,0.0,0.0
1310.75,0.0,0.0
1310.766666666,0.0,0.0
1310.766666666,0.0,0.0
1310.783333333,0.0,0.0
1310.8,0.0,0.0
1310.8,0.0,0.0
1310.816666666,0.0,0.0
1310.816666666,0.0,0.0
1310.833333333,0.0,0.0
1310.85,0.0,0.0
1310.866666666,0.0,0.0
1310.866666666,0.0,0.0
1310.883333333,0.0,0.0
1310.883333333,0.0,0.0
1310.9,0.0,0.0
1310.916666666,0.0,0.0
1310.916666666,0.0,0.0
1310.933333333,0.0,0.0
1310.95,0.0,0.0
1310.966666666,0.0,0.0
1310.966666666,0.0,0.0
1310.983333333,0.0,0.0
1310.983333333,0.0,0.0
1311.0,0.0,0.0
1311.0,0.0,0.0
1311.016666666,0.0,0.0
1311.033333333,0.0,0.0
1311.033333333,0.0,0.0
1311.05,0.0,0.0
1311.05,0.0,0.0
1311.066666666,0.0,0.0
1311.083333333,0.0,0.0
1311.1,0.0,0.0
1311.1,0.0,0.0
1311.116666666,0.0,0.0
1311.116666666,0.0,0.0
1311.133333333,0.0,0.0
1311.15,0.0,0.0
1311.15,0.0,0.0
1311.166666666,0.0,0.0
1311.183333333,0.0,0.0
1311.2,0.0,0.0
1311.2,0.0,0.0
1311.216666666,0.0,0.0
1311.233333333,0.0,0.0
1311.233333333,0.0,0.0
1311.25,0.0,0.0
1311.266666666,0.0,0.0
1311.266666666,0.0,0.0
1311.283333333,0.0,0.0
1311.3,0.0,0.0
1311.3,0.0,0.0
1311.316666666,0.0,0.0
1311.316666666,0.0,0.0
1311.333333333,0.0,0.0
1311.35,0.0,0.0
1311.366666666,0.0,0.0
1311.366666666,0.0,0.0
1311.383333333,0.0,0.0
1311.383333333,0.0,0.0
1311.4,0.0,0.0
1311.416666666,0.0,0.0
1311.416666666,0.0,0.0
1311.433333333,0.0,0.0
1311.45,0.0,0.0
1311.466666666,0.0,0.0
1311.466666666,0.0,0.0
1311.483333333,0.0,0.0
1311.5,0.0,0.0
1311.5,0.0,0.0
1311.516666666,0.0,0.0
1311.516666666,0.0,0.0
1311.533333333,0.0,0.0
1311.55,0.0,0.0
1311.566666666,0.0,0.0
1311.566666666,0.0,0.0
1311.583333333,0.0,0.0
1311.583333333,0.0,0.0
1311.6,0.0,0.0
1311.616666666,0.0,0.0
1311.616666666,0.0,0.0
1311.633333333,0.0,0.0
1311.65,0.0,0.0
1311.65,0.0,0.0
1311.666666666,0.0,0.0
1311.683333333,0.0,0.0
1311.7,0.0,0.0
1311.7,0.0,0.0
1311.7,0.0,0.0
1311.716666666,0.0,0.0
1311.716666666,0.0,0.0
1311.716666666,0.0,0.0
1311.716666666,0.0,0.0
1311.733333333,0.0,0.0
1311.733333333,0.0,0.0
1311.733333333,0.0,0.0
1311.733333333,0.0,0.0
1311.75,0.0,0.0
1311.75,0.0,0.0
1311.75,0.0,0.0
1311.766666666,0.0,0.0
1311.766666666,0.0,0.0
1311.766666666,0.0,0.0
1311.766666666,0.0,0.0
1311.783333333,0.0,0.0
1311.783333333,0.0,0.0
1311.783333333,0.0,0.0
1311.8,0.0,0.0
1311.8,0.0,0.0
1311.816666666,0.0,0.0
1311.816666666,0.0,0.0
1311.816666666,0.0,0.0
1311.816666666,0.0,0.0
1311.833333333,0.0,0.0
1311.833333333,0.0,0.0
1311.833333333,0.0,0.0
1311.833333333,0.0,0.0
1311.85,0.0,0.0
1311.85,0.0,0.0
1311.85,0.0,0.0
1311.866666666,0.0,0.0
1311.866666666,0.0,0.0
1311.866666666,0.0,0.0
1311.866666666,0.0,0.0
1311.883333333,0.0,0.0
1311.883333333,0.0,0.0
1311.883333333,0.0,0.0
1311.9,0.0,0.0
1311.9,0.0,0.0
1311.916666666,0.0,0.0
1311.916666666,0.0,0.0
1311.916666666,0.0,0.0
1311.916666666,0.0,0.0
1311.933333333,0.0,0.0
1311.933333333,0.0,0.0
